Date,Total Value of Portfolio,Cash on Hand,Shares Owned,Amount in Shares,Unrealised Profit,Realised Profit,Total Growth Rate,Benchmark Growth Rate
2017-05-03,10000.0,10000.0,[],0.0,0.0,0,0.0,0
2017-05-04,10000.0,10000.0,[],0.0,0.0,0,0.0,0.09
2017-05-05,10000.0,10000.0,[],0.0,0.0,0,0.0,0.49
2017-05-08,10000.0,10000.0,[],0.0,0.0,0,0.0,0.5
2017-05-09,10000.0,10000.0,[],0.0,0.0,0,0.0,0.37
2017-05-10,10000.0,10000.0,[],0.0,0.0,0,0.0,0.56
2017-05-11,10000.0,10000.0,[],0.0,0.0,0,0.0,0.35
2017-05-12,10000.0,10000.0,[],0.0,0.0,0,0.0,0.2
2017-05-15,10000.0,10000.0,[],0.0,0.0,0,0.0,0.7
2017-05-16,10000.0,10000.0,[],0.0,0.0,0,0.0,0.68
2017-05-17,10000.0,10000.0,[],0.0,0.0,0,0.0,-1.1
2017-05-18,10000.0,10000.0,[],0.0,0.0,0,0.0,-0.74
2017-05-19,10000.0,10000.0,[],0.0,0.0,0,0.0,-0.12
2017-05-22,10000.0,10000.0,[],0.0,0.0,0,0.0,0.43
2017-05-23,10000.0,10000.0,[],0.0,0.0,0,0.0,0.63
2017-05-24,10000.0,10000.0,[],0.0,0.0,0,0.0,0.87
2017-05-25,10000.0,10000.0,[],0.0,0.0,0,0.0,1.34
2017-05-26,10000.0,10000.0,[],0.0,0.0,0,0.0,1.35
2017-05-30,10000.0,10000.0,[],0.0,0.0,0,0.0,1.25
2017-05-31,10000.0,10000.0,[],0.0,0.0,0,0.0,1.23
2017-06-01,10000.0,10000.0,[],0.0,0.0,0,0.0,2.02
2017-06-02,10000.0,10000.0,[],0.0,0.0,0,0.0,2.34
2017-06-05,10000.0,10000.0,[],0.0,0.0,0,0.0,2.27
2017-06-06,10000.0,10000.0,[],0.0,0.0,0,0.0,1.98
2017-06-07,10000.0,10000.0,[],0.0,0.0,0,0.0,2.15
2017-06-08,10000.0,10000.0,[],0.0,0.0,0,0.0,2.18
2017-06-09,10000.0,10000.0,[],0.0,0.0,0,0.0,2.06
2017-06-12,10000.0,10000.0,[],0.0,0.0,0,0.0,2.02
2017-06-13,10000.0,10000.0,[],0.0,0.0,0,0.0,2.52
2017-06-14,10000.0,10000.0,[],0.0,0.0,0,0.0,2.41
2017-06-15,10000.0,10000.0,[],0.0,0.0,0,0.0,2.21
2017-06-16,10000.0,10000.0,[],0.0,0.0,0,0.0,2.23
2017-06-19,10000.0,10000.0,[],0.0,0.0,0,0.0,3.07
2017-06-20,10000.0,10000.0,[],0.0,0.0,0,0.0,2.39
2017-06-21,10000.0,10000.0,[],0.0,0.0,0,0.0,2.35
2017-06-22,10000.0,10000.0,[],0.0,0.0,0,0.0,2.29
2017-06-23,10000.0,10000.0,[],0.0,0.0,0,0.0,2.47
2017-06-26,10000.0,10000.0,[],0.0,0.0,0,0.0,2.5
2017-06-27,10000.0,10000.0,[],0.0,0.0,0,0.0,1.68
2017-06-28,10000.0,10000.0,[],0.0,0.0,0,0.0,2.58
2017-06-29,10000.0,10000.0,[],0.0,0.0,0,0.0,1.7
2017-06-30,10000.0,10000.0,[],0.0,0.0,0,0.0,1.87
2017-07-03,10000.0,10000.0,[],0.0,0.0,0,0.0,2.09
2017-07-05,10000.0,10000.0,[],0.0,0.0,0,0.0,2.27
2017-07-06,10000.0,10000.0,[],0.0,0.0,0,0.0,1.35
2017-07-07,10000.0,10000.0,[],0.0,0.0,0,0.0,1.99
2017-07-10,10000.0,10000.0,[],0.0,0.0,0,0.0,2.1
2017-07-11,10000.0,10000.0,[],0.0,0.0,0,0.0,2.02
2017-07-12,10000.0,10000.0,[],0.0,0.0,0,0.0,2.79
2017-07-13,10000.0,10000.0,[],0.0,0.0,0,0.0,2.96
2017-07-14,10000.0,10000.0,[],0.0,0.0,0,0.0,3.43
2017-07-17,10000.0,10000.0,[],0.0,0.0,0,0.0,3.44
2017-07-18,10000.0,10000.0,[],0.0,0.0,0,0.0,3.52
2017-07-19,10000.0,10000.0,[],0.0,0.0,0,0.0,4.07
2017-07-20,10000.0,10000.0,[],0.0,0.0,0,0.0,4.1
2017-07-21,10000.0,8114.6,['NFLX'],1885.4,0.0,0,0.0,4.03
2017-07-24,9993.7,8114.6,['NFLX'],1879.1,-6.3,0,-0.06,3.99
2017-07-25,9984.3,8114.6,['NFLX'],1869.7,-15.7,0,-0.16,4.24
2017-07-26,10005.4,8114.6,['NFLX'],1890.8,5.4,0,0.05,4.27
2017-07-27,9941.4,8114.6,['NFLX'],1826.8,-58.6,0,-0.59,4.14
2017-07-28,9955.0,8114.6,['NFLX'],1840.4,-45.0,0,-0.45,4.03
2017-07-31,9931.2,8114.6,['NFLX'],1816.6,-68.8,0,-0.69,3.97
2017-08-01,9934.9,8114.6,['NFLX'],1820.3,-65.1,0,-0.65,4.2
2017-08-02,9922.0,8114.6,['NFLX'],1807.4,-78.0,0,-0.78,4.26
2017-08-03,9906.9,8114.6,['NFLX'],1792.3,-93.1,0,-0.93,4.08
2017-08-04,9917.3,8114.6,['NFLX'],1802.7,-82.7,0,-0.83,4.25
2017-08-07,9927.9,8114.6,['NFLX'],1813.3,-72.1,0,-0.72,4.42
2017-08-08,9898.2,8114.6,['NFLX'],1783.6,-101.8,0,-1.02,4.21
2017-08-09,9872.4,8114.6,['NFLX'],1757.8,-127.6,0,-1.28,4.15
2017-08-10,9806.0,8114.6,['NFLX'],1691.4,-194.0,0,-1.94,2.72
2017-08-11,9828.6,8114.6,['NFLX'],1714.0,-171.4,0,-1.71,2.86
2017-08-14,9824.6,8114.6,['NFLX'],1710.0,-175.4,0,-1.75,3.87
2017-08-15,9799.6,8114.6,['NFLX'],1685.0,-200.4,0,-2.0,3.88
2017-08-16,9814.4,8114.6,['NFLX'],1699.8,-185.6,0,-1.86,4.04
2017-08-17,9775.5,8114.6,['NFLX'],1660.9,-224.5,0,-2.24,2.42
2017-08-18,9780.0,8114.6,['NFLX'],1665.4,-220.0,0,-2.2,2.24
2017-08-21,9782.2,8114.6,['NFLX'],1667.6,-217.8,0,-2.18,2.36
2017-08-22,9808.0,8114.6,['NFLX'],1693.4,-192.0,0,-1.92,3.4
2017-08-23,9805.2,8114.6,['NFLX'],1690.6,-194.8,0,-1.95,3.04
2017-08-24,9795.9,8114.6,['NFLX'],1681.3,-204.1,0,-2.04,2.81
2017-08-25,9774.1,8114.6,['NFLX'],1659.5,-225.9,0,-2.26,3.03
2017-08-28,9785.8,8114.6,['NFLX'],1671.2,-214.2,0,-2.14,3.07
2017-08-29,9802.7,8114.6,['NFLX'],1688.1,-197.3,0,-1.97,3.14
2017-08-30,9861.5,8114.6,['NFLX'],1746.9,-138.5,0,-1.39,3.66
2017-08-31,9861.7,8114.6,['NFLX'],1747.1,-138.3,0,-1.38,4.27
2017-09-01,9862.0,8114.6,['NFLX'],1747.4,-138.0,0,-1.38,4.45
2017-09-05,9859.8,8114.6,['NFLX'],1745.2,-140.2,0,-1.4,3.68
2017-09-06,9907.1,8114.6,['NFLX'],1792.5,-92.9,0,-0.93,4.04
2017-09-07,9904.6,8114.6,['NFLX'],1790.0,-95.4,0,-0.95,4.02
2017-09-08,9878.8,8114.6,['NFLX'],1764.2,-121.2,0,-1.21,3.86
2017-09-11,9932.0,8114.6,['NFLX'],1817.4,-68.0,0,-0.68,4.99
2017-09-12,9966.1,8114.6,['NFLX'],1851.5,-33.9,0,-0.34,5.37
2017-09-13,9951.0,8114.6,['NFLX'],1836.4,-49.0,0,-0.49,5.44
2017-09-14,9940.9,8114.6,['NFLX'],1826.3,-59.1,0,-0.59,5.4
2017-09-15,9938.1,8114.6,['NFLX'],1823.5,-61.9,0,-0.62,5.55
2017-09-18,9960.8,8114.6,['NFLX'],1846.2,-39.2,0,-0.39,5.73
2017-09-19,9971.4,8114.6,['NFLX'],1856.8,-28.6,0,-0.29,5.86
2017-09-20,9969.7,8114.6,['NFLX'],1855.1,-30.3,0,-0.3,5.92
2017-09-21,10002.4,8114.6,['NFLX'],1887.8,2.4,0,0.02,5.62
2017-09-22,9988.1,8114.6,['NFLX'],1873.5,-11.9,0,-0.12,5.6
2017-09-25,9900.1,8114.6,['NFLX'],1785.5,-99.9,0,-1.0,5.45
2017-09-26,9908.4,8114.6,['NFLX'],1793.8,-91.6,0,-0.92,5.48
2017-09-27,9934.3,8114.6,['NFLX'],1819.7,-65.7,0,-0.66,5.9
2017-09-28,9921.6,8114.6,['NFLX'],1807.0,-78.4,0,-0.78,6.02
2017-09-29,9928.1,6167.16,"['NFLX', 'GOOGL']",3760.94,-71.9,0,-0.72,6.4
2017-10-02,9872.2,6167.16,"['NFLX', 'GOOGL']",3705.04,-127.8,0,-1.28,6.85
2017-10-03,9903.22,6167.16,"['NFLX', 'GOOGL']",3736.06,-96.78,0,-0.97,7.06
2017-10-04,9945.22,6167.16,"['NFLX', 'GOOGL']",3778.06,-54.78,0,-0.55,7.21
2017-10-05,10081.44,6167.16,"['NFLX', 'GOOGL']",3914.28,81.44,0,0.81,7.85
2017-10-06,10134.64,6167.16,"['NFLX', 'GOOGL']",3967.48,134.64,0,1.35,7.74
2017-10-09,10120.48,6167.16,"['NFLX', 'GOOGL']",3953.32,120.48,0,1.2,7.56
2017-10-10,10093.56,6167.16,"['NFLX', 'GOOGL']",3926.4,93.56,0,0.94,7.83
2017-10-11,10127.96,6167.16,"['NFLX', 'GOOGL']",3960.8,127.96,0,1.28,8.0
2017-10-12,10137.06,6167.16,"['NFLX', 'GOOGL']",3969.9,137.06,0,1.37,7.84
2017-10-13,10177.8,6167.16,"['NFLX', 'GOOGL']",4010.64,177.8,0,1.78,7.96
2017-10-16,10212.66,5160.82,"['NFLX', 'GOOGL', 'AMZN']",5051.84,212.66,0,2.13,8.13
2017-10-17,10186.75,5160.82,"['NFLX', 'GOOGL', 'AMZN']",5025.93,186.75,0,1.87,8.2
2017-10-18,10138.7,5160.82,"['NFLX', 'GOOGL', 'AMZN']",4977.88,138.7,0,1.39,8.29
2017-10-19,10102.41,5160.82,"['NFLX', 'GOOGL', 'AMZN']",4941.59,102.41,0,1.02,8.35
2017-10-20,10095.47,5160.82,"['NFLX', 'GOOGL', 'AMZN']",4934.65,95.47,0,0.95,8.89
2017-10-23,10022.9,5160.82,"['NFLX', 'GOOGL', 'AMZN']",4862.08,22.9,0,0.23,8.49
2017-10-24,10073.9,5160.82,"['NFLX', 'GOOGL', 'AMZN']",4913.08,73.9,0,0.74,8.64
2017-10-25,10054.35,5160.82,"['NFLX', 'GOOGL', 'AMZN']",4893.53,54.35,0,0.54,8.12
2017-10-26,10068.19,5160.82,"['NFLX', 'GOOGL', 'AMZN']",4907.37,68.19,0,0.68,8.22
2017-10-27,10324.51,5160.82,"['NFLX', 'GOOGL', 'AMZN']",5163.69,324.51,0,3.25,9.15
2017-10-30,10321.63,5160.82,"['NFLX', 'GOOGL', 'AMZN']",5160.81,321.63,0,3.22,8.75
2017-10-31,10296.48,5160.82,"['NFLX', 'GOOGL', 'AMZN']",5135.66,296.48,0,2.96,8.87
2017-11-01,10329.7,5160.82,"['NFLX', 'GOOGL', 'AMZN']",5168.88,329.7,0,3.3,9.06
2017-11-02,10334.18,5160.82,"['NFLX', 'GOOGL', 'AMZN']",5173.36,334.18,0,3.34,9.11
2017-11-03,10372.5,5160.82,"['NFLX', 'GOOGL', 'AMZN']",5211.68,372.5,0,3.73,9.47
2017-11-06,10368.14,5160.82,"['NFLX', 'GOOGL', 'AMZN']",5207.32,368.14,0,3.68,9.64
2017-11-07,10347.67,5160.82,"['NFLX', 'GOOGL', 'AMZN']",5186.85,347.67,0,3.48,9.59
2017-11-08,10374.68,5160.82,"['NFLX', 'GOOGL', 'AMZN']",5213.86,374.68,0,3.75,9.75
2017-11-09,10324.39,5160.82,"['NFLX', 'GOOGL', 'AMZN']",5163.57,324.39,0,3.24,9.36
2017-11-10,10294.67,5160.82,"['NFLX', 'GOOGL', 'AMZN']",5133.85,294.67,0,2.95,9.29
2017-11-13,10323.19,5160.82,"['NFLX', 'GOOGL', 'AMZN']",5162.37,323.19,0,3.23,9.42
2017-11-14,10338.04,5160.82,"['NFLX', 'GOOGL', 'AMZN']",5177.22,338.04,0,3.38,9.16
2017-11-15,10281.53,5160.82,"['NFLX', 'GOOGL', 'AMZN']",5120.71,281.53,0,2.82,8.6
2017-11-16,10350.15,5160.82,"['NFLX', 'GOOGL', 'AMZN']",5189.33,350.15,0,3.5,9.52
2017-11-17,10294.48,5160.82,"['NFLX', 'GOOGL', 'AMZN']",5133.66,294.48,0,2.94,9.23
2017-11-20,10297.45,5160.82,"['NFLX', 'GOOGL', 'AMZN']",5136.63,297.45,0,2.97,9.37
2017-11-21,10363.21,5160.82,"['NFLX', 'GOOGL', 'AMZN']",5202.39,363.21,0,3.63,10.1
2017-11-22,10384.02,5160.82,"['NFLX', 'GOOGL', 'AMZN']",5223.2,384.02,0,3.84,10.02
2017-11-24,10417.36,5160.82,"['NFLX', 'GOOGL', 'AMZN']",5256.54,417.36,0,4.17,10.25
2017-11-27,10451.17,5160.82,"['NFLX', 'GOOGL', 'AMZN']",5290.35,451.17,0,4.51,10.22
2017-11-28,10472.8,5160.82,"['NFLX', 'GOOGL', 'AMZN']",5311.98,472.8,0,4.73,11.31
2017-11-29,10278.35,5160.82,"['NFLX', 'GOOGL', 'AMZN']",5117.53,278.35,0,2.78,11.27
2017-11-30,10285.71,5160.82,"['NFLX', 'GOOGL', 'AMZN']",5124.89,285.71,0,2.86,12.2
2017-12-01,10241.51,5160.82,"['NFLX', 'GOOGL', 'AMZN']",5080.69,241.51,0,2.42,12.0
2017-12-04,10158.91,5160.82,"['NFLX', 'GOOGL', 'AMZN']",4998.09,158.91,0,1.59,11.88
2017-12-05,10183.69,7002.92,"['GOOGL', 'AMZN']",3180.77,226.99,-43.3,1.84,11.48
2017-12-06,10220.71,7002.92,"['GOOGL', 'AMZN']",3217.79,264.01,-43.3,2.21,11.47
2017-12-07,10251.85,7002.92,"['GOOGL', 'AMZN']",3248.93,295.15,-43.3,2.52,11.84
2017-12-08,10263.68,7002.92,"['GOOGL', 'AMZN']",3260.76,306.98,-43.3,2.64,12.45
2017-12-11,10275.78,7002.92,"['GOOGL', 'AMZN']",3272.86,319.08,-43.3,2.76,12.82
2017-12-12,10265.54,7002.92,"['GOOGL', 'AMZN']",3262.62,308.84,-43.3,2.66,13.01
2017-12-13,10269.83,7002.92,"['GOOGL', 'AMZN']",3266.91,313.13,-43.3,2.7,12.98
2017-12-14,10292.12,7002.92,"['GOOGL', 'AMZN']",3289.2,335.42,-43.3,2.92,12.53
2017-12-15,10326.06,7002.92,"['GOOGL', 'AMZN']",3323.14,369.36,-43.3,3.26,13.48
2017-12-18,10363.68,7002.92,"['GOOGL', 'AMZN']",3360.76,406.98,-43.3,3.64,14.19
2017-12-19,10349.86,7002.92,"['GOOGL', 'AMZN']",3346.94,393.16,-43.3,3.5,13.77
2017-12-20,10327.66,7002.92,"['GOOGL', 'AMZN']",3324.74,370.96,-43.3,3.28,13.68
2017-12-21,10319.38,7002.92,"['GOOGL', 'AMZN']",3316.46,362.68,-43.3,3.19,13.91
2017-12-22,10309.0,7002.92,"['GOOGL', 'AMZN']",3306.08,352.3,-43.3,3.09,13.89
2017-12-26,10311.38,7002.92,"['GOOGL', 'AMZN']",3308.46,354.68,-43.3,3.11,13.76
2017-12-27,10305.58,7002.92,"['GOOGL', 'AMZN']",3302.66,348.88,-43.3,3.06,13.82
2017-12-28,10300.92,7002.92,"['GOOGL', 'AMZN']",3298.0,344.22,-43.3,3.01,14.04
2017-12-29,10279.19,7002.92,"['GOOGL', 'AMZN']",3276.27,322.49,-43.3,2.79,13.64
2018-01-02,10338.35,7002.92,"['GOOGL', 'AMZN']",3335.43,381.65,-43.3,3.38,14.48
2018-01-03,10390.16,5156.22,"['GOOGL', 'AMZN', 'FB']",5233.94,433.46,-43.3,3.9,15.16
2018-01-04,10400.63,5156.22,"['GOOGL', 'AMZN', 'FB']",5244.41,443.93,-43.3,4.01,15.66
2018-01-05,10474.44,5156.22,"['GOOGL', 'AMZN', 'FB']",5318.22,517.74,-43.3,4.74,16.4
2018-01-08,10514.31,5156.22,"['GOOGL', 'AMZN', 'FB']",5358.09,557.61,-43.3,5.14,16.64
2018-01-09,10513.2,3272.43,"['GOOGL', 'AMZN', 'FB', 'NFLX']",7240.77,556.5,-43.3,5.13,16.89
2018-01-10,10538.12,3272.43,"['GOOGL', 'AMZN', 'FB', 'NFLX']",7265.69,581.42,-43.3,5.38,16.69
2018-01-11,10606.07,3272.43,"['GOOGL', 'AMZN', 'FB', 'NFLX']",7333.64,649.37,-43.3,6.06,17.55
2018-01-12,10623.7,3272.43,"['GOOGL', 'AMZN', 'FB', 'NFLX']",7351.27,667.0,-43.3,6.24,18.33
2018-01-16,10616.36,3272.43,"['GOOGL', 'AMZN', 'FB', 'NFLX']",7343.93,659.66,-43.3,6.16,17.9
2018-01-17,10579.13,3272.43,"['GOOGL', 'AMZN', 'FB', 'NFLX']",7306.7,622.43,-43.3,5.79,19.04
2018-01-18,10618.66,3272.43,"['GOOGL', 'AMZN', 'FB', 'NFLX']",7346.23,661.96,-43.3,6.19,18.88
2018-01-19,10651.05,3272.43,"['GOOGL', 'AMZN', 'FB', 'NFLX']",7378.62,694.35,-43.3,6.51,19.38
2018-01-22,10829.98,3272.43,"['GOOGL', 'AMZN', 'FB', 'NFLX']",7557.55,873.28,-43.3,8.3,20.34
2018-01-23,11133.42,3272.43,"['GOOGL', 'AMZN', 'FB', 'NFLX']",7860.99,1176.72,-43.3,11.33,20.62
2018-01-24,11189.72,3272.43,"['GOOGL', 'AMZN', 'FB', 'NFLX']",7917.29,1233.02,-43.3,11.9,20.56
2018-01-25,11316.76,3272.43,"['GOOGL', 'AMZN', 'FB', 'NFLX']",8044.33,1360.06,-43.3,13.17,20.61
2018-01-26,11421.0,3272.43,"['GOOGL', 'AMZN', 'FB', 'NFLX']",8148.57,1464.3,-43.3,14.21,22.01
2018-01-29,11484.18,3272.43,"['GOOGL', 'AMZN', 'FB', 'NFLX']",8211.75,1527.48,-43.3,14.84,21.17
2018-01-30,11445.39,3272.43,"['GOOGL', 'AMZN', 'FB', 'NFLX']",8172.96,1488.69,-43.3,14.45,19.88
2018-01-31,11389.36,3272.43,"['GOOGL', 'AMZN', 'FB', 'NFLX']",8116.93,1432.66,-43.3,13.89,19.99
2018-02-01,11342.14,3272.43,"['GOOGL', 'AMZN', 'FB', 'NFLX']",8069.71,1385.44,-43.3,13.42,19.87
2018-02-02,11250.45,3272.43,"['GOOGL', 'AMZN', 'FB', 'NFLX']",7978.02,1293.75,-43.3,12.5,17.3
2018-02-05,10888.15,3272.43,"['GOOGL', 'AMZN', 'FB', 'NFLX']",7615.72,931.45,-43.3,8.88,12.48
2018-02-06,11128.71,3272.43,"['GOOGL', 'AMZN', 'FB', 'NFLX']",7856.28,1172.01,-43.3,11.29,14.56
2018-02-07,10982.87,3272.43,"['GOOGL', 'AMZN', 'FB', 'NFLX']",7710.44,1026.17,-43.3,9.83,13.94
2018-02-08,10605.05,3272.43,"['GOOGL', 'AMZN', 'FB', 'NFLX']",7332.62,648.35,-43.3,6.05,9.7
2018-02-09,10710.9,3272.43,"['GOOGL', 'AMZN', 'FB', 'NFLX']",7438.47,754.2,-43.3,7.11,11.4
2018-02-12,10853.43,3272.43,"['GOOGL', 'AMZN', 'FB', 'NFLX']",7581.0,896.73,-43.3,8.53,12.92
2018-02-13,10851.15,3272.43,"['GOOGL', 'AMZN', 'FB', 'NFLX']",7578.72,894.45,-43.3,8.51,13.3
2018-02-14,11058.08,3272.43,"['GOOGL', 'AMZN', 'FB', 'NFLX']",7785.65,1101.38,-43.3,10.58,14.79
2018-02-15,11238.94,3272.43,"['GOOGL', 'AMZN', 'FB', 'NFLX']",7966.51,1282.24,-43.3,12.39,16.27
2018-02-16,11192.4,3272.43,"['GOOGL', 'AMZN', 'FB', 'NFLX']",7919.97,1235.7,-43.3,11.92,16.26
2018-02-20,11215.01,3272.43,"['GOOGL', 'AMZN', 'FB', 'NFLX']",7942.58,1258.31,-43.3,12.15,15.56
2018-02-21,11291.31,3272.43,"['GOOGL', 'AMZN', 'FB', 'NFLX']",8018.88,1334.61,-43.3,12.91,14.95
2018-02-22,11270.73,3272.43,"['GOOGL', 'AMZN', 'FB', 'NFLX']",7998.3,1314.03,-43.3,12.71,15.09
2018-02-23,11434.88,5105.33,"['GOOGL', 'AMZN', 'NFLX']",6329.55,1491.98,-57.1,14.35,16.98
2018-02-26,11562.12,7392.73,"['AMZN', 'NFLX']",4169.39,1279.26,282.86,15.62,18.33
2018-02-27,11520.2,7392.73,"['AMZN', 'NFLX']",4127.47,1237.34,282.86,15.2,16.82
2018-02-28,11527.6,7392.73,"['AMZN', 'NFLX']",4134.87,1244.74,282.86,15.28,15.52
2018-03-01,11499.69,7392.73,"['AMZN', 'NFLX']",4106.96,1216.83,282.86,15.0,13.99
2018-03-02,11602.43,7392.73,"['AMZN', 'NFLX']",4209.7,1319.57,282.86,16.02,14.6
2018-03-05,11751.34,7392.73,"['AMZN', 'NFLX']",4358.61,1468.48,282.86,17.51,15.92
2018-03-06,11857.35,7392.73,"['AMZN', 'NFLX']",4464.62,1574.49,282.86,18.57,16.21
2018-03-07,11828.17,7392.73,"['AMZN', 'NFLX']",4435.44,1545.31,282.86,18.28,16.16
2018-03-08,11797.59,7392.73,"['AMZN', 'NFLX']",4404.86,1514.73,282.86,17.98,16.7
2018-03-09,11954.58,7392.73,"['AMZN', 'NFLX']",4561.85,1671.72,282.86,19.55,18.72
2018-03-12,11882.82,7392.73,"['AMZN', 'NFLX']",4490.09,1599.96,282.86,18.83,18.6
2018-03-13,11823.83,7392.73,"['AMZN', 'NFLX']",4431.1,1540.97,282.86,18.24,17.82
2018-03-14,11877.68,7392.73,"['AMZN', 'NFLX']",4484.95,1594.82,282.86,18.78,17.2
2018-03-15,11864.86,7392.73,"['AMZN', 'NFLX']",4472.13,1582.0,282.86,18.65,17.09
2018-03-16,11830.46,6258.31,"['AMZN', 'NFLX', 'GOOGL']",5572.15,1547.6,282.86,18.3,17.21
2018-03-19,11724.63,6258.31,"['AMZN', 'NFLX', 'GOOGL']",5466.32,1441.77,282.86,17.25,15.64
2018-03-20,11798.12,6258.31,"['AMZN', 'NFLX', 'GOOGL']",5539.81,1515.26,282.86,17.98,15.85
2018-03-21,11782.49,7352.31,"['AMZN', 'NFLX']",4430.18,1540.05,242.44,17.82,15.58
2018-03-22,11657.53,7352.31,"['AMZN', 'NFLX']",4305.22,1415.09,242.44,16.58,12.71
2018-03-23,11556.33,7352.31,"['AMZN', 'NFLX']",4204.02,1313.89,242.44,15.56,10.31
2018-03-26,11791.32,7352.31,"['AMZN', 'NFLX']",4439.01,1548.88,242.44,17.91,13.33
2018-03-27,11555.57,7352.31,"['AMZN', 'NFLX']",4203.26,1313.13,242.44,15.56,11.37
2018-03-28,11355.66,7352.31,"['AMZN', 'NFLX']",4003.35,1113.22,242.44,13.56,11.05
2018-03-29,11457.8,7352.31,"['AMZN', 'NFLX']",4105.49,1215.36,242.44,14.58,12.65
2018-04-02,11246.91,7352.31,"['AMZN', 'NFLX']",3894.6,1004.47,242.44,12.47,10.05
2018-04-03,11297.39,7352.31,"['AMZN', 'NFLX']",3945.08,1054.95,242.44,12.97,11.44
2018-04-04,11363.34,7352.31,"['AMZN', 'NFLX']",4011.03,1120.9,242.44,13.63,12.73
2018-04-05,11449.79,7352.31,"['AMZN', 'NFLX']",4097.48,1207.35,242.44,14.5,13.54
2018-04-06,11357.19,7352.31,"['AMZN', 'NFLX']",4004.88,1114.75,242.44,13.57,11.04
2018-04-09,11367.76,7352.31,"['AMZN', 'NFLX']",4015.45,1125.32,242.44,13.68,11.5
2018-04-10,11471.16,7352.31,"['AMZN', 'NFLX']",4118.85,1228.72,242.44,14.71,13.33
2018-04-11,11512.39,7352.31,"['AMZN', 'NFLX']",4160.08,1269.95,242.44,15.12,12.73
2018-04-12,11584.06,7352.31,"['AMZN', 'NFLX']",4231.75,1341.62,242.44,15.84,13.68
2018-04-13,11587.95,8783.1,['NFLX'],2804.85,921.06,666.89,15.88,13.36
2018-04-16,11553.12,8783.1,['NFLX'],2770.02,886.23,666.89,15.53,14.28
2018-04-17,11807.64,8783.1,['NFLX'],3024.54,1140.75,666.89,18.08,15.51
2018-04-18,11793.78,8783.1,['NFLX'],3010.68,1126.89,666.89,17.94,15.58
2018-04-19,11777.4,8783.1,['NFLX'],2994.3,1110.51,666.89,17.77,14.94
2018-04-20,11733.03,8783.1,['NFLX'],2949.93,1066.14,666.89,17.33,14.01
2018-04-23,11651.31,8783.1,['NFLX'],2868.21,984.42,666.89,16.51,13.96
2018-04-24,11546.28,8783.1,['NFLX'],2763.18,879.39,666.89,15.46,12.41
2018-04-25,11534.94,8783.1,['NFLX'],2751.84,868.05,666.89,15.35,12.7
2018-04-26,11608.92,6799.43,"['NFLX', 'MSFT']",4809.49,942.03,666.89,16.09,13.86
2018-04-27,11621.77,6799.43,"['NFLX', 'MSFT']",4822.34,954.88,666.89,16.22,13.98
2018-04-30,11579.67,6799.43,"['NFLX', 'MSFT']",4780.24,912.78,666.89,15.8,13.05
2018-05-01,11618.37,6799.43,"['NFLX', 'MSFT']",4818.94,951.48,666.89,16.18,13.29
2018-05-02,11587.56,6799.43,"['NFLX', 'MSFT']",4788.13,920.67,666.89,15.88,12.51
2018-05-03,11584.31,6799.43,"['NFLX', 'MSFT']",4784.88,917.42,666.89,15.84,12.25
2018-05-04,11682.85,6799.43,"['NFLX', 'MSFT']",4883.42,1015.96,666.89,16.83,13.74
2018-05-07,11760.69,5199.29,"['NFLX', 'MSFT', 'AMZN']",6561.4,1093.8,666.89,17.61,14.09
2018-05-08,11749.98,5199.29,"['NFLX', 'MSFT', 'AMZN']",6550.69,1083.09,666.89,17.5,14.09
2018-05-09,11820.06,3372.69,"['NFLX', 'MSFT', 'AMZN', 'FB']",8447.37,1153.17,666.89,18.2,15.2
2018-05-10,11863.95,3372.69,"['NFLX', 'MSFT', 'AMZN', 'FB']",8491.26,1197.06,666.89,18.64,16.28
2018-05-11,11839.7,3372.69,"['NFLX', 'MSFT', 'AMZN', 'FB']",8467.01,1172.81,666.89,18.4,16.56
2018-05-14,11860.41,3372.69,"['NFLX', 'MSFT', 'AMZN', 'FB']",8487.72,1193.52,666.89,18.6,16.69
2018-05-15,11775.25,3372.69,"['NFLX', 'MSFT', 'AMZN', 'FB']",8402.56,1108.36,666.89,17.75,15.89
2018-05-16,11799.01,3372.69,"['NFLX', 'MSFT', 'AMZN', 'FB']",8426.32,1132.12,666.89,17.99,16.38
2018-05-17,11751.86,3372.69,"['NFLX', 'MSFT', 'AMZN', 'FB']",8379.17,1084.97,666.89,17.52,16.28
2018-05-18,11728.11,3372.69,"['NFLX', 'MSFT', 'AMZN', 'FB']",8355.42,1061.22,666.89,17.28,16.0
2018-05-21,11852.27,3372.69,"['NFLX', 'MSFT', 'AMZN', 'FB']",8479.58,1185.38,666.89,18.52,16.85
2018-05-22,11837.4,2297.38,"['NFLX', 'MSFT', 'AMZN', 'FB', 'GOOGL']",9540.02,1170.51,666.89,18.37,16.51
2018-05-23,12041.92,2297.38,"['NFLX', 'MSFT', 'AMZN', 'FB', 'GOOGL']",9744.54,1375.03,666.89,20.42,16.88
2018-05-24,12066.66,2297.38,"['NFLX', 'MSFT', 'AMZN', 'FB', 'GOOGL']",9769.28,1399.77,666.89,20.67,16.65
2018-05-25,12081.32,2297.38,"['NFLX', 'MSFT', 'AMZN', 'FB', 'GOOGL']",9783.94,1414.43,666.89,20.81,16.36
2018-05-29,12054.79,2297.38,"['NFLX', 'MSFT', 'AMZN', 'FB', 'GOOGL']",9757.42,1387.9,666.89,20.55,15.01
2018-05-30,12149.67,2297.38,"['NFLX', 'MSFT', 'AMZN', 'FB', 'GOOGL']",9852.29,1482.78,666.89,21.5,16.53
2018-05-31,12198.25,2297.38,"['NFLX', 'MSFT', 'AMZN', 'FB', 'GOOGL']",9900.87,1531.36,666.89,21.98,15.78
2018-06-01,12383.45,2297.38,"['NFLX', 'MSFT', 'AMZN', 'FB', 'GOOGL']",10086.07,1716.56,666.89,23.83,17.0
2018-06-04,12453.64,2297.38,"['NFLX', 'MSFT', 'AMZN', 'FB', 'GOOGL']",10156.26,1786.75,666.89,24.54,17.51
2018-06-05,12526.2,2297.38,"['NFLX', 'MSFT', 'AMZN', 'FB', 'GOOGL']",10228.82,1859.31,666.89,25.26,17.68
2018-06-06,12526.72,2297.38,"['NFLX', 'MSFT', 'AMZN', 'FB', 'GOOGL']",10229.34,1859.83,666.89,25.27,18.62
2018-06-07,12387.66,2297.38,"['NFLX', 'MSFT', 'AMZN', 'FB', 'GOOGL']",10090.29,1720.77,666.89,23.88,18.56
2018-06-08,12398.23,2297.38,"['NFLX', 'MSFT', 'AMZN', 'FB', 'GOOGL']",10100.85,1731.34,666.89,23.98,18.93
2018-06-11,12431.61,2297.38,"['NFLX', 'MSFT', 'AMZN', 'FB', 'GOOGL']",10134.23,1764.72,666.89,24.32,19.09
2018-06-12,12484.04,2297.38,"['NFLX', 'MSFT', 'AMZN', 'FB', 'GOOGL']",10186.66,1817.15,666.89,24.84,19.29
2018-06-13,12621.47,2297.38,"['NFLX', 'MSFT', 'AMZN', 'FB', 'GOOGL']",10324.09,1954.58,666.89,26.21,18.81
2018-06-14,12828.86,2297.38,"['NFLX', 'MSFT', 'AMZN', 'FB', 'GOOGL']",10531.48,2161.97,666.89,28.29,19.16
2018-06-15,12775.25,2297.38,"['NFLX', 'MSFT', 'AMZN', 'FB', 'GOOGL']",10477.87,2108.36,666.89,27.75,19.05
2018-06-18,12833.19,2297.38,"['NFLX', 'MSFT', 'AMZN', 'FB', 'GOOGL']",10535.81,2166.3,666.89,28.33,18.77
2018-06-19,12962.31,2297.38,"['NFLX', 'MSFT', 'AMZN', 'FB', 'GOOGL']",10664.93,2295.42,666.89,29.62,18.32
2018-06-20,13155.46,2297.38,"['NFLX', 'MSFT', 'AMZN', 'FB', 'GOOGL']",10858.08,2488.57,666.89,31.55,18.53
2018-06-21,13088.66,2297.38,"['NFLX', 'MSFT', 'AMZN', 'FB', 'GOOGL']",10791.28,2421.77,666.89,30.89,17.79
2018-06-22,13021.78,2297.38,"['NFLX', 'MSFT', 'AMZN', 'FB', 'GOOGL']",10724.4,2354.89,666.89,30.22,18.0
2018-06-25,12603.17,2297.38,"['NFLX', 'MSFT', 'AMZN', 'FB', 'GOOGL']",10305.79,1936.28,666.89,26.03,16.37
2018-06-26,12799.72,2297.38,"['NFLX', 'MSFT', 'AMZN', 'FB', 'GOOGL']",10502.34,2132.83,666.89,28.0,16.62
2018-06-27,12608.31,2297.38,"['NFLX', 'MSFT', 'AMZN', 'FB', 'GOOGL']",10310.93,1941.42,666.89,26.08,15.66
2018-06-28,12731.3,2297.38,"['NFLX', 'MSFT', 'AMZN', 'FB', 'GOOGL']",10433.92,2064.41,666.89,27.31,16.36
2018-06-29,12676.63,2297.38,"['NFLX', 'MSFT', 'AMZN', 'FB', 'GOOGL']",10379.25,2009.74,666.89,26.77,16.65
2018-07-02,12824.27,2297.38,"['NFLX', 'MSFT', 'AMZN', 'FB', 'GOOGL']",10526.89,2157.38,666.89,28.24,16.79
2018-07-03,12643.09,2297.38,"['NFLX', 'MSFT', 'AMZN', 'FB', 'GOOGL']",10345.71,1976.2,666.89,26.43,16.32
2018-07-05,12816.9,2297.38,"['NFLX', 'MSFT', 'AMZN', 'FB', 'GOOGL']",10519.52,2150.01,666.89,28.17,17.31
2018-07-06,13007.72,2297.38,"['NFLX', 'MSFT', 'AMZN', 'FB', 'GOOGL']",10710.34,2340.83,666.89,30.08,18.29
2018-07-09,13174.48,2297.38,"['NFLX', 'MSFT', 'AMZN', 'FB', 'GOOGL']",10877.1,2507.59,666.89,31.74,19.34
2018-07-10,13142.03,2297.38,"['NFLX', 'MSFT', 'AMZN', 'FB', 'GOOGL']",10844.65,2475.14,666.89,31.42,19.75
2018-07-11,13172.5,2297.38,"['NFLX', 'MSFT', 'AMZN', 'FB', 'GOOGL']",10875.12,2505.61,666.89,31.73,18.93
2018-07-12,13288.08,2297.38,"['NFLX', 'MSFT', 'AMZN', 'FB', 'GOOGL']",10990.7,2621.19,666.89,32.88,19.95
2018-07-13,13178.56,2297.38,"['NFLX', 'MSFT', 'AMZN', 'FB', 'GOOGL']",10881.18,2511.67,666.89,31.79,20.06
2018-07-16,13210.34,2297.38,"['NFLX', 'MSFT', 'AMZN', 'FB', 'GOOGL']",10912.96,2543.45,666.89,32.1,19.98
2018-07-17,13108.93,2297.38,"['NFLX', 'MSFT', 'AMZN', 'FB', 'GOOGL']",10811.55,2442.04,666.89,31.09,20.5
2018-07-18,13044.76,2297.38,"['NFLX', 'MSFT', 'AMZN', 'FB', 'GOOGL']",10747.38,2377.87,666.89,30.45,20.71
2018-07-19,12874.98,2297.38,"['NFLX', 'MSFT', 'AMZN', 'FB', 'GOOGL']",10577.6,2208.09,666.89,28.75,20.26
2018-07-20,12903.9,2297.38,"['NFLX', 'MSFT', 'AMZN', 'FB', 'GOOGL']",10606.52,2237.01,666.89,29.04,20.14
2018-07-23,12965.44,2297.38,"['NFLX', 'MSFT', 'AMZN', 'FB', 'GOOGL']",10668.06,2298.55,666.89,29.65,20.37
2018-07-24,13022.81,2297.38,"['NFLX', 'MSFT', 'AMZN', 'FB', 'GOOGL']",10725.43,2355.92,666.89,30.23,20.94
2018-07-25,13220.22,2297.38,"['NFLX', 'MSFT', 'AMZN', 'FB', 'GOOGL']",10922.84,2553.33,666.89,32.2,22.05
2018-07-26,12738.18,2297.38,"['NFLX', 'MSFT', 'AMZN', 'FB', 'GOOGL']",10440.8,2071.29,666.89,27.38,21.69
2018-07-27,12589.22,2297.38,"['NFLX', 'MSFT', 'AMZN', 'FB', 'GOOGL']",10291.84,1922.33,666.89,25.89,20.9
2018-07-30,12258.94,2297.38,"['NFLX', 'MSFT', 'AMZN', 'FB', 'GOOGL']",9961.56,1592.05,666.89,22.59,20.2
2018-07-31,12306.96,2297.38,"['NFLX', 'MSFT', 'AMZN', 'FB', 'GOOGL']",10009.58,1640.07,666.89,23.07,20.81
2018-08-01,12335.76,2297.38,"['NFLX', 'MSFT', 'AMZN', 'FB', 'GOOGL']",10038.38,1668.87,666.89,23.36,20.66
2018-08-02,12510.6,5397.88,"['MSFT', 'AMZN', 'FB', 'GOOGL']",7112.72,627.0,1883.6,25.11,21.27
2018-08-03,12520.63,5397.88,"['MSFT', 'AMZN', 'FB', 'GOOGL']",7122.75,637.03,1883.6,25.21,21.86
2018-08-06,12625.6,5397.88,"['MSFT', 'AMZN', 'FB', 'GOOGL']",7227.72,742.0,1883.6,26.26,22.32
2018-08-07,12655.55,7235.98,"['MSFT', 'AMZN', 'GOOGL']",5419.57,760.45,1895.1,26.56,22.66
2018-08-08,12697.97,7235.98,"['MSFT', 'AMZN', 'GOOGL']",5461.99,802.87,1895.1,26.98,22.6
2018-08-09,12716.91,7235.98,"['MSFT', 'AMZN', 'GOOGL']",5480.93,821.81,1895.1,27.17,22.44
2018-08-10,12678.58,7235.98,"['MSFT', 'AMZN', 'GOOGL']",5442.6,783.48,1895.1,26.79,21.61
2018-08-13,12667.91,7235.98,"['MSFT', 'AMZN', 'GOOGL']",5431.93,772.81,1895.1,26.68,21.15
2018-08-14,12729.39,7235.98,"['MSFT', 'AMZN', 'GOOGL']",5493.41,834.29,1895.1,27.29,21.94
2018-08-15,12635.16,7235.98,"['MSFT', 'AMZN', 'GOOGL']",5399.18,740.06,1895.1,26.35,21.04
2018-08-16,12630.48,7235.98,"['MSFT', 'AMZN', 'GOOGL']",5394.5,735.38,1895.1,26.3,22.02
2018-08-17,12616.69,7235.98,"['MSFT', 'AMZN', 'GOOGL']",5380.71,721.59,1895.1,26.17,22.43
2018-08-20,12602.22,7235.98,"['MSFT', 'AMZN', 'GOOGL']",5366.24,707.12,1895.1,26.02,22.7
2018-08-21,12585.5,7235.98,"['MSFT', 'AMZN', 'GOOGL']",5349.53,690.4,1895.1,25.86,22.96
2018-08-22,12634.24,7235.98,"['MSFT', 'AMZN', 'GOOGL']",5398.26,739.14,1895.1,26.34,22.93
2018-08-23,12642.26,7235.98,"['MSFT', 'AMZN', 'GOOGL']",5406.28,747.16,1895.1,26.42,22.75
2018-08-24,12678.16,7235.98,"['MSFT', 'AMZN', 'GOOGL']",5442.18,783.06,1895.1,26.78,23.52
2018-08-27,12745.43,7235.98,"['MSFT', 'AMZN', 'GOOGL']",5509.46,850.33,1895.1,27.45,24.45
2018-08-28,12754.17,7235.98,"['MSFT', 'AMZN', 'GOOGL']",5518.19,859.07,1895.1,27.54,24.52
2018-08-29,12875.58,7235.98,"['MSFT', 'AMZN', 'GOOGL']",5639.6,980.48,1895.1,28.76,25.2
2018-08-30,12868.17,7235.98,"['MSFT', 'AMZN', 'GOOGL']",5632.19,973.07,1895.1,28.68,24.69
2018-08-31,12863.92,7235.98,"['MSFT', 'AMZN', 'GOOGL']",5627.94,968.82,1895.1,28.64,24.7
2018-09-04,12857.07,7235.98,"['MSFT', 'AMZN', 'GOOGL']",5621.1,961.97,1895.1,28.57,24.53
2018-09-05,12731.85,7235.98,"['MSFT', 'AMZN', 'GOOGL']",5495.87,836.75,1895.1,27.32,24.17
2018-09-06,12685.54,7235.98,"['MSFT', 'AMZN', 'GOOGL']",5449.56,790.44,1895.1,26.86,23.81
2018-09-07,12661.65,7235.98,"['MSFT', 'AMZN', 'GOOGL']",5425.67,766.55,1895.1,26.62,23.51
2018-09-10,12670.89,7235.98,"['MSFT', 'AMZN', 'GOOGL']",5434.91,775.79,1895.1,26.71,23.74
2018-09-11,12773.42,7235.98,"['MSFT', 'AMZN', 'GOOGL']",5537.44,878.32,1895.1,27.73,24.21
2018-09-12,12767.85,8407.58,"['MSFT', 'AMZN']",4360.28,776.46,1991.39,27.68,24.23
2018-09-13,12793.19,8407.58,"['MSFT', 'AMZN']",4385.61,801.8,1991.39,27.93,24.93
2018-09-14,12783.27,8407.58,"['MSFT', 'AMZN']",4375.69,791.88,1991.39,27.83,25.0
2018-09-17,12695.01,8407.58,"['MSFT', 'AMZN']",4287.43,703.62,1991.39,26.95,24.29
2018-09-18,12750.73,8407.58,"['MSFT', 'AMZN']",4343.15,759.34,1991.39,27.51,24.97
2018-09-19,12704.06,6572.78,"['MSFT', 'AMZN', 'NFLX']",6131.28,712.67,1991.39,27.04,25.11
2018-09-20,12753.62,6572.78,"['MSFT', 'AMZN', 'NFLX']",6180.84,762.23,1991.39,27.54,26.11
2018-09-21,12718.12,6572.78,"['MSFT', 'AMZN', 'NFLX']",6145.34,726.73,1991.39,27.18,26.03
2018-09-24,12788.27,6572.78,"['MSFT', 'AMZN', 'NFLX']",6215.49,796.88,1991.39,27.88,25.61
2018-09-25,12822.89,6572.78,"['MSFT', 'AMZN', 'NFLX']",6250.11,831.5,1991.39,28.23,25.45
2018-09-26,12855.47,6572.78,"['MSFT', 'AMZN', 'NFLX']",6282.69,864.08,1991.39,28.55,25.08
2018-09-27,12916.87,6572.78,"['MSFT', 'AMZN', 'NFLX']",6344.09,925.48,1991.39,29.17,25.43
2018-09-28,12873.14,6572.78,"['MSFT', 'AMZN', 'NFLX']",6300.37,881.75,1991.39,28.73,25.42
2018-10-01,12937.31,6572.78,"['MSFT', 'AMZN', 'NFLX']",6364.54,945.92,1991.39,29.37,25.88
2018-10-02,12873.05,6572.78,"['MSFT', 'AMZN', 'NFLX']",6300.28,881.66,1991.39,28.73,25.87
2018-10-03,12854.48,6572.78,"['MSFT', 'AMZN', 'NFLX']",6281.7,863.09,1991.39,28.54,25.98
2018-10-04,12693.64,6572.78,"['MSFT', 'AMZN', 'NFLX']",6120.86,702.25,1991.39,26.94,24.94
2018-10-05,12598.37,6572.78,"['MSFT', 'AMZN', 'NFLX']",6025.59,606.98,1991.39,25.98,24.24
2018-10-08,12534.73,6572.78,"['MSFT', 'AMZN', 'NFLX']",5961.95,543.34,1991.39,25.35,24.21
2018-10-09,12603.59,6572.78,"['MSFT', 'AMZN', 'NFLX']",6030.82,612.2,1991.39,26.04,24.05
2018-10-10,12209.99,6572.78,"['MSFT', 'AMZN', 'NFLX']",5637.21,218.6,1991.39,22.1,20.04
2018-10-11,12144.85,8292.14,"['MSFT', 'NFLX']",3852.71,34.24,2110.61,21.45,17.51
2018-10-12,12314.81,8292.14,"['MSFT', 'NFLX']",4022.67,204.2,2110.61,23.15,19.1
2018-10-15,12240.86,8292.14,"['MSFT', 'NFLX']",3948.72,130.25,2110.61,22.41,18.45
2018-10-16,12379.35,8292.14,"['MSFT', 'NFLX']",4087.21,268.74,2110.61,23.79,20.97
2018-10-17,12464.7,8292.14,"['MSFT', 'NFLX']",4172.56,354.09,2110.61,24.65,21.01
2018-10-18,12327.85,8292.14,"['MSFT', 'NFLX']",4035.72,217.24,2110.61,23.28,19.31
2018-10-19,12261.05,8292.14,"['MSFT', 'NFLX']",3968.91,150.44,2110.61,22.61,19.22
2018-10-22,12265.98,8292.14,"['MSFT', 'NFLX']",3973.84,155.37,2110.61,22.66,18.73
2018-10-23,12251.62,9957.94,['MSFT'],2293.68,310.01,1941.61,22.52,18.01
2018-10-24,12128.98,12128.98,[],0.0,-0.0,2128.98,21.29,14.49
2018-10-25,12128.98,12128.98,[],0.0,-0.0,2128.98,21.29,16.54
2018-10-26,12128.98,12128.98,[],0.0,-0.0,2128.98,21.29,14.48
2018-10-29,12128.98,12128.98,[],0.0,-0.0,2128.98,21.29,13.89
2018-10-30,12128.98,12128.98,[],0.0,-0.0,2128.98,21.29,15.63
2018-10-31,12128.98,12128.98,[],0.0,-0.0,2128.98,21.29,16.84
2018-11-01,12128.98,12128.98,[],0.0,-0.0,2128.98,21.29,18.05
2018-11-02,12128.98,12128.98,[],0.0,-0.0,2128.98,21.29,17.32
2018-11-05,12128.98,12128.98,[],0.0,-0.0,2128.98,21.29,17.99
2018-11-06,12128.98,12128.98,[],0.0,-0.0,2128.98,21.29,18.74
2018-11-07,12128.98,12128.98,[],0.0,-0.0,2128.98,21.29,21.24
2018-11-08,12128.98,12128.98,[],0.0,-0.0,2128.98,21.29,21.04
2018-11-09,12128.98,12128.98,[],0.0,-0.0,2128.98,21.29,19.92
2018-11-12,12128.98,12128.98,[],0.0,-0.0,2128.98,21.29,17.6
2018-11-13,12128.98,12128.98,[],0.0,-0.0,2128.98,21.29,17.41
2018-11-14,12128.98,12128.98,[],0.0,-0.0,2128.98,21.29,16.6
2018-11-15,12128.98,12128.98,[],0.0,-0.0,2128.98,21.29,17.81
2018-11-16,12128.98,12128.98,[],0.0,-0.0,2128.98,21.29,18.11
2018-11-19,12128.98,12128.98,[],0.0,-0.0,2128.98,21.29,16.15
2018-11-20,12128.98,12128.98,[],0.0,-0.0,2128.98,21.29,14.02
2018-11-21,12128.98,12128.98,[],0.0,-0.0,2128.98,21.29,14.4
2018-11-23,12128.98,12128.98,[],0.0,-0.0,2128.98,21.29,13.66
2018-11-26,12128.98,12128.98,[],0.0,-0.0,2128.98,21.29,15.44
2018-11-27,12128.98,12128.98,[],0.0,-0.0,2128.98,21.29,15.8
2018-11-28,12128.98,12128.98,[],0.0,-0.0,2128.98,21.29,18.5
2018-11-29,12128.98,12128.98,[],0.0,-0.0,2128.98,21.29,18.26
2018-11-30,12128.98,12128.98,[],0.0,-0.0,2128.98,21.29,19.05
2018-12-03,12128.98,12128.98,[],0.0,-0.0,2128.98,21.29,20.52
2018-12-04,12128.98,12128.98,[],0.0,-0.0,2128.98,21.29,16.78
2018-12-06,12128.98,12128.98,[],0.0,-0.0,2128.98,21.29,16.48
2018-12-07,12128.98,12128.98,[],0.0,-0.0,2128.98,21.29,13.78
2018-12-10,12128.98,12128.98,[],0.0,-0.0,2128.98,21.29,13.91
2018-12-11,12128.98,12128.98,[],0.0,-0.0,2128.98,21.29,13.94
2018-12-12,12128.98,12128.98,[],0.0,-0.0,2128.98,21.29,14.57
2018-12-13,12128.98,12128.98,[],0.0,-0.0,2128.98,21.29,14.54
2018-12-14,12128.98,12128.98,[],0.0,-0.0,2128.98,21.29,12.42
2018-12-17,12128.98,12128.98,[],0.0,-0.0,2128.98,21.29,10.14
2018-12-18,12128.98,12128.98,[],0.0,-0.0,2128.98,21.29,10.1
2018-12-19,12128.98,12128.98,[],0.0,-0.0,2128.98,21.29,8.34
2018-12-20,12128.98,10162.35,['MSFT'],1966.63,-0.0,2128.98,21.29,6.56
2018-12-21,12065.43,12065.43,[],0.0,-0.0,2065.43,20.65,4.44
2018-12-24,12065.43,12065.43,[],0.0,-0.0,2065.43,20.65,1.56
2018-12-26,12065.43,12065.43,[],0.0,-0.0,2065.43,20.65,6.7
2018-12-27,12065.43,12065.43,[],0.0,-0.0,2065.43,20.65,7.69
2018-12-28,12065.43,12065.43,[],0.0,-0.0,2065.43,20.65,7.56
2018-12-31,12065.43,12065.43,[],0.0,-0.0,2065.43,20.65,8.53
2019-01-02,12065.43,12065.43,[],0.0,-0.0,2065.43,20.65,8.61
2019-01-03,12065.43,12065.43,[],0.0,-0.0,2065.43,20.65,6.02
2019-01-04,12065.43,12065.43,[],0.0,-0.0,2065.43,20.65,9.52
2019-01-07,12065.43,12065.43,[],0.0,-0.0,2065.43,20.65,10.34
2019-01-08,12065.43,12065.43,[],0.0,-0.0,2065.43,20.65,11.41
2019-01-09,12065.43,12065.43,[],0.0,-0.0,2065.43,20.65,11.93
2019-01-10,12065.43,12065.43,[],0.0,-0.0,2065.43,20.65,12.39
2019-01-11,12065.43,12065.43,[],0.0,-0.0,2065.43,20.65,12.34
2019-01-14,12065.43,12065.43,[],0.0,-0.0,2065.43,20.65,11.72
2019-01-15,12065.43,10292.23,['NFLX'],1773.2,-0.0,2065.43,20.65,13.03
2019-01-16,12049.18,10292.23,['NFLX'],1756.95,-16.25,2065.43,20.49,13.28
2019-01-17,12058.18,10292.23,['NFLX'],1765.95,-7.25,2065.43,20.58,14.13
2019-01-18,11987.73,10292.23,['NFLX'],1695.5,-77.7,2065.43,19.88,15.66
2019-01-22,11918.03,10292.23,['NFLX'],1625.8,-147.4,2065.43,19.18,14.12
2019-01-23,11902.18,7331.92,"['NFLX', 'GOOGL', 'FB']",4570.26,-163.25,2065.43,19.02,14.29
2019-01-24,11945.06,5676.99,"['NFLX', 'GOOGL', 'FB', 'AMZN']",6268.07,-120.37,2065.43,19.45,14.4
2019-01-25,12076.45,5676.99,"['NFLX', 'GOOGL', 'FB', 'AMZN']",6399.46,11.02,2065.43,20.76,15.38
2019-01-28,11990.15,5676.99,"['NFLX', 'GOOGL', 'FB', 'AMZN']",6313.16,-75.28,2065.43,19.9,14.48
2019-01-29,11859.9,5676.99,"['NFLX', 'GOOGL', 'FB', 'AMZN']",6182.91,-205.53,2065.43,18.6,14.34
2019-01-30,12104.17,5676.99,"['NFLX', 'GOOGL', 'FB', 'AMZN']",6427.18,38.74,2065.43,21.04,16.15
2019-01-31,12386.08,5676.99,"['NFLX', 'GOOGL', 'FB', 'AMZN']",6709.09,320.65,2065.43,23.86,17.12
2019-02-01,12275.32,5676.99,"['NFLX', 'GOOGL', 'FB', 'AMZN']",6598.33,209.89,2065.43,22.75,17.22
2019-02-04,12408.67,3730.84,"['NFLX', 'GOOGL', 'FB', 'AMZN', 'MSFT']",8677.83,343.24,2065.43,24.09,18.05
2019-02-05,12519.04,3730.84,"['NFLX', 'GOOGL', 'FB', 'AMZN', 'MSFT']",8788.2,453.61,2065.43,25.19,18.58
2019-02-06,12422.8,3730.84,"['NFLX', 'GOOGL', 'FB', 'AMZN', 'MSFT']",8691.96,357.37,2065.43,24.23,18.43
2019-02-07,12275.11,3730.84,"['NFLX', 'GOOGL', 'FB', 'AMZN', 'MSFT']",8544.27,209.68,2065.43,22.75,17.27
2019-02-08,12279.44,3730.84,"['NFLX', 'GOOGL', 'FB', 'AMZN', 'MSFT']",8548.6,214.01,2065.43,22.79,17.42
2019-02-11,12245.01,3730.84,"['NFLX', 'GOOGL', 'FB', 'AMZN', 'MSFT']",8514.17,179.58,2065.43,22.45,17.48
2019-02-12,12409.12,3730.84,"['NFLX', 'GOOGL', 'FB', 'AMZN', 'MSFT']",8678.27,343.69,2065.43,24.09,19.0
2019-02-13,12357.07,3730.84,"['NFLX', 'GOOGL', 'FB', 'AMZN', 'MSFT']",8626.23,291.64,2065.43,23.57,19.36
2019-02-14,12376.89,3730.84,"['NFLX', 'GOOGL', 'FB', 'AMZN', 'MSFT']",8646.05,311.46,2065.43,23.77,19.1
2019-02-15,12347.06,3730.84,"['NFLX', 'GOOGL', 'FB', 'AMZN', 'MSFT']",8616.22,281.63,2065.43,23.47,20.41
2019-02-19,12395.17,3730.84,"['NFLX', 'GOOGL', 'FB', 'AMZN', 'MSFT']",8664.33,329.74,2065.43,23.95,20.62
2019-02-20,12366.93,3730.84,"['NFLX', 'GOOGL', 'FB', 'AMZN', 'MSFT']",8636.09,301.5,2065.43,23.67,20.9
2019-02-21,12342.2,3730.84,"['NFLX', 'GOOGL', 'FB', 'AMZN', 'MSFT']",8611.36,276.77,2065.43,23.42,20.46
2019-02-22,12449.81,3730.84,"['NFLX', 'GOOGL', 'FB', 'AMZN', 'MSFT']",8718.96,384.38,2065.43,24.5,21.18
2019-02-25,12503.42,3730.84,"['NFLX', 'GOOGL', 'FB', 'AMZN', 'MSFT']",8772.58,437.99,2065.43,25.03,21.36
2019-02-26,12524.66,3730.84,"['NFLX', 'GOOGL', 'FB', 'AMZN', 'MSFT']",8793.82,459.23,2065.43,25.25,21.27
2019-02-27,12499.06,3730.84,"['NFLX', 'GOOGL', 'FB', 'AMZN', 'MSFT']",8768.22,433.63,2065.43,24.99,21.21
2019-02-28,12457.34,3730.84,"['NFLX', 'GOOGL', 'FB', 'AMZN', 'MSFT']",8726.5,391.91,2065.43,24.57,20.93
2019-03-01,12527.34,3730.84,"['NFLX', 'GOOGL', 'FB', 'AMZN', 'MSFT']",8796.5,461.91,2065.43,25.27,21.76
2019-03-04,12586.46,3730.84,"['NFLX', 'GOOGL', 'FB', 'AMZN', 'MSFT']",8855.62,521.03,2065.43,25.86,21.29
2019-03-05,12655.01,3730.84,"['NFLX', 'GOOGL', 'FB', 'AMZN', 'MSFT']",8924.17,589.58,2065.43,26.55,21.15
2019-03-06,12671.0,3730.84,"['NFLX', 'GOOGL', 'FB', 'AMZN', 'MSFT']",8940.16,605.57,2065.43,26.71,20.37
2019-03-07,12509.79,3730.84,"['NFLX', 'GOOGL', 'FB', 'AMZN', 'MSFT']",8778.94,444.36,2065.43,25.1,19.41
2019-03-08,12497.08,3730.84,"['NFLX', 'GOOGL', 'FB', 'AMZN', 'MSFT']",8766.24,431.65,2065.43,24.97,19.16
2019-03-11,12697.49,3730.84,"['NFLX', 'GOOGL', 'FB', 'AMZN', 'MSFT']",8966.65,632.06,2065.43,26.97,20.9
2019-03-12,12717.66,3730.84,"['NFLX', 'GOOGL', 'FB', 'AMZN', 'MSFT']",8986.82,652.23,2065.43,27.18,21.33
2019-03-13,12797.0,3730.84,"['NFLX', 'GOOGL', 'FB', 'AMZN', 'MSFT']",9066.15,731.57,2065.43,27.97,22.16
2019-03-14,12733.99,3730.84,"['NFLX', 'GOOGL', 'FB', 'AMZN', 'MSFT']",9003.15,668.56,2065.43,27.34,22.12
2019-03-15,12741.03,3730.84,"['NFLX', 'GOOGL', 'FB', 'AMZN', 'MSFT']",9010.19,675.6,2065.43,27.41,22.71
2019-03-18,12738.02,3730.84,"['NFLX', 'GOOGL', 'FB', 'AMZN', 'MSFT']",9007.18,672.59,2065.43,27.38,23.15
2019-03-19,12764.11,3730.84,"['NFLX', 'GOOGL', 'FB', 'AMZN', 'MSFT']",9033.27,698.68,2065.43,27.64,23.19
2019-03-20,12953.61,3730.84,"['NFLX', 'GOOGL', 'FB', 'AMZN', 'MSFT']",9222.77,888.18,2065.43,29.54,22.75
2019-03-21,13056.77,3730.84,"['NFLX', 'GOOGL', 'FB', 'AMZN', 'MSFT']",9325.93,991.34,2065.43,30.57,24.14
2019-03-22,12808.29,3730.84,"['NFLX', 'GOOGL', 'FB', 'AMZN', 'MSFT']",9077.45,742.86,2065.43,28.08,21.78
2019-03-25,12870.23,3730.84,"['NFLX', 'GOOGL', 'FB', 'AMZN', 'MSFT']",9139.39,804.8,2065.43,28.7,21.68
2019-03-26,12863.59,3730.84,"['NFLX', 'GOOGL', 'FB', 'AMZN', 'MSFT']",9132.74,798.16,2065.43,28.64,22.55
2019-03-27,12756.09,3730.84,"['NFLX', 'GOOGL', 'FB', 'AMZN', 'MSFT']",9025.25,690.66,2065.43,27.56,21.98
2019-03-28,12763.07,3730.84,"['NFLX', 'GOOGL', 'FB', 'AMZN', 'MSFT']",9032.23,697.64,2065.43,27.63,22.46
2019-03-29,12818.26,3730.84,"['NFLX', 'GOOGL', 'FB', 'AMZN', 'MSFT']",9087.42,752.83,2065.43,28.18,23.25
2019-04-01,12971.88,3730.84,"['NFLX', 'GOOGL', 'FB', 'AMZN', 'MSFT']",9241.04,906.45,2065.43,29.72,24.67
2019-04-02,13056.68,3730.84,"['NFLX', 'GOOGL', 'FB', 'AMZN', 'MSFT']",9325.83,991.25,2065.43,30.57,24.71
2019-04-03,13084.65,3730.84,"['NFLX', 'GOOGL', 'FB', 'AMZN', 'MSFT']",9353.81,1019.22,2065.43,30.85,24.94
2019-04-04,13103.07,3730.84,"['NFLX', 'GOOGL', 'FB', 'AMZN', 'MSFT']",9372.23,1037.64,2065.43,31.03,25.24
2019-04-05,13107.43,3730.84,"['NFLX', 'GOOGL', 'FB', 'AMZN', 'MSFT']",9376.59,1042.0,2065.43,31.07,25.84
2019-04-08,13086.91,3730.84,"['NFLX', 'GOOGL', 'FB', 'AMZN', 'MSFT']",9356.07,1021.48,2065.43,30.87,25.95
2019-04-09,13106.24,3730.84,"['NFLX', 'GOOGL', 'FB', 'AMZN', 'MSFT']",9375.4,1040.81,2065.43,31.06,25.28
2019-04-10,13137.48,3730.84,"['NFLX', 'GOOGL', 'FB', 'AMZN', 'MSFT']",9406.64,1072.05,2065.43,31.37,25.72
2019-04-11,13154.57,3730.84,"['NFLX', 'GOOGL', 'FB', 'AMZN', 'MSFT']",9423.73,1089.14,2065.43,31.55,25.69
2019-04-12,13116.28,3730.84,"['NFLX', 'GOOGL', 'FB', 'AMZN', 'MSFT']",9385.44,1050.85,2065.43,31.16,26.54
2019-04-15,13119.54,3730.84,"['NFLX', 'GOOGL', 'FB', 'AMZN', 'MSFT']",9388.69,1054.11,2065.43,31.2,26.46
2019-04-16,13180.72,3730.84,"['NFLX', 'GOOGL', 'FB', 'AMZN', 'MSFT']",9449.88,1115.29,2065.43,31.81,26.55
2019-04-17,13184.44,3730.84,"['NFLX', 'GOOGL', 'FB', 'AMZN', 'MSFT']",9453.6,1119.01,2065.43,31.84,26.24
2019-04-18,13233.77,3730.84,"['NFLX', 'GOOGL', 'FB', 'AMZN', 'MSFT']",9502.93,1168.34,2065.43,32.34,26.48
2019-04-22,13404.92,3730.84,"['NFLX', 'GOOGL', 'FB', 'AMZN', 'MSFT']",9674.08,1339.49,2065.43,34.05,26.6
2019-04-23,13542.43,3730.84,"['NFLX', 'GOOGL', 'FB', 'AMZN', 'MSFT']",9811.59,1477.0,2065.43,35.42,27.69
2019-04-24,13448.02,3730.84,"['NFLX', 'GOOGL', 'FB', 'AMZN', 'MSFT']",9717.18,1382.59,2065.43,34.48,27.44
2019-04-25,13641.68,3730.84,"['NFLX', 'GOOGL', 'FB', 'AMZN', 'MSFT']",9910.83,1576.25,2065.43,36.42,27.39
2019-04-26,13723.4,3730.84,"['NFLX', 'GOOGL', 'FB', 'AMZN', 'MSFT']",9992.56,1657.97,2065.43,37.23,27.98
2019-04-29,13755.44,3730.84,"['NFLX', 'GOOGL', 'FB', 'AMZN', 'MSFT']",10024.6,1690.01,2065.43,37.55,28.14
2019-04-30,13637.24,3730.84,"['NFLX', 'GOOGL', 'FB', 'AMZN', 'MSFT']",9906.4,1571.81,2065.43,36.37,28.22
2019-05-01,13582.86,3730.84,"['NFLX', 'GOOGL', 'FB', 'AMZN', 'MSFT']",9852.02,1517.43,2065.43,35.83,27.28
2019-05-02,13529.23,3730.84,"['NFLX', 'GOOGL', 'FB', 'AMZN', 'MSFT']",9798.39,1463.8,2065.43,35.29,27.03
2019-05-03,13731.71,3730.84,"['NFLX', 'GOOGL', 'FB', 'AMZN', 'MSFT']",10000.86,1666.28,2065.43,37.32,28.24
2019-05-06,13657.37,3730.84,"['NFLX', 'GOOGL', 'FB', 'AMZN', 'MSFT']",9926.53,1591.94,2065.43,36.57,27.73
2019-05-07,13470.13,3730.84,"['NFLX', 'GOOGL', 'FB', 'AMZN', 'MSFT']",9739.29,1404.7,2065.43,34.7,25.66
2019-05-08,13425.19,3730.84,"['NFLX', 'GOOGL', 'FB', 'AMZN', 'MSFT']",9694.35,1359.76,2065.43,34.25,25.41
2019-05-09,13384.63,3730.84,"['NFLX', 'GOOGL', 'FB', 'AMZN', 'MSFT']",9653.79,1319.2,2065.43,33.85,25.03
2019-05-10,13391.96,3730.84,"['NFLX', 'GOOGL', 'FB', 'AMZN', 'MSFT']",9661.12,1326.53,2065.43,33.92,25.61
2019-05-13,13056.44,3730.84,"['NFLX', 'GOOGL', 'FB', 'AMZN', 'MSFT']",9325.6,991.01,2065.43,30.56,22.53
2019-05-14,13078.88,3730.84,"['NFLX', 'GOOGL', 'FB', 'AMZN', 'MSFT']",9348.04,1013.45,2065.43,30.79,23.59
2019-05-15,13307.11,3730.84,"['NFLX', 'GOOGL', 'FB', 'AMZN', 'MSFT']",9576.27,1241.68,2065.43,33.07,24.32
2019-05-16,13442.18,3730.84,"['NFLX', 'GOOGL', 'FB', 'AMZN', 'MSFT']",9711.34,1376.75,2065.43,34.42,25.46
2019-05-17,13325.66,4899.62,"['NFLX', 'FB', 'AMZN', 'MSFT']",8426.04,1175.86,2149.8,33.26,24.7
2019-05-20,13216.07,4899.62,"['NFLX', 'FB', 'AMZN', 'MSFT']",8316.45,1066.27,2149.8,32.16,23.85
2019-05-21,13285.34,4899.62,"['NFLX', 'FB', 'AMZN', 'MSFT']",8385.72,1135.54,2149.8,32.85,24.9
2019-05-22,13335.58,4899.62,"['NFLX', 'FB', 'AMZN', 'MSFT']",8435.96,1185.78,2149.8,33.36,24.56
2019-05-23,13168.29,6660.67,"['FB', 'AMZN', 'MSFT']",6507.62,1030.64,2137.65,31.68,23.1
2019-05-24,13179.68,6660.67,"['FB', 'AMZN', 'MSFT']",6519.0,1042.03,2137.65,31.8,23.32
2019-05-28,13233.59,6660.67,"['FB', 'AMZN', 'MSFT']",6572.92,1095.94,2137.65,32.34,22.21
2019-05-29,13166.16,6660.67,"['FB', 'AMZN', 'MSFT']",6505.49,1028.51,2137.65,31.66,21.37
2019-05-30,13188.6,6660.67,"['FB', 'AMZN', 'MSFT']",6527.93,1050.95,2137.65,31.89,21.71
2019-05-31,13037.3,6660.67,"['FB', 'AMZN', 'MSFT']",6376.63,899.65,2137.65,30.37,20.08
2019-06-03,12710.53,8353.36,"['FB', 'MSFT']",4357.16,535.12,2175.41,27.11,19.72
2019-06-04,12815.67,8353.36,"['FB', 'MSFT']",4462.31,640.26,2175.41,28.16,22.36
2019-06-05,12873.91,8353.36,"['FB', 'MSFT']",4520.55,698.5,2175.41,28.74,23.39
2019-06-06,12912.91,10541.65,['MSFT'],2371.26,425.11,2487.8,29.13,24.2
2019-06-07,12979.32,10541.65,['MSFT'],2437.67,491.52,2487.8,29.79,25.44
2019-06-10,13001.58,10541.65,['MSFT'],2459.93,513.78,2487.8,30.02,26.02
2019-06-11,12992.31,10541.65,['MSFT'],2450.66,504.51,2487.8,29.92,26.0
2019-06-12,12980.99,10541.65,['MSFT'],2439.34,493.19,2487.8,29.81,25.76
2019-06-13,12996.39,10541.65,['MSFT'],2454.74,508.59,2487.8,29.96,26.32
2019-06-14,12998.8,10541.65,['MSFT'],2457.15,511.0,2487.8,29.99,26.13
2019-06-17,13006.22,10541.65,['MSFT'],2464.57,518.42,2487.8,30.06,26.25
2019-06-18,13049.08,10541.65,['MSFT'],2507.42,561.27,2487.8,30.49,27.51
2019-06-19,13058.91,10541.65,['MSFT'],2517.26,571.11,2487.8,30.59,27.84
2019-06-20,13082.28,10541.65,['MSFT'],2540.63,594.48,2487.8,30.82,29.04
2019-06-21,13082.65,10541.65,['MSFT'],2541.0,594.85,2487.8,30.83,28.88
2019-06-24,13097.68,10541.65,['MSFT'],2556.03,609.88,2487.8,30.98,28.72
2019-06-25,13016.98,10541.65,['MSFT'],2475.33,529.18,2487.8,30.17,27.44
2019-06-26,13026.26,10541.65,['MSFT'],2484.61,538.46,2487.8,30.26,27.32
2019-06-27,13030.34,10541.65,['MSFT'],2488.69,542.54,2487.8,30.3,27.77
2019-06-28,13026.81,10541.65,['MSFT'],2485.16,539.01,2487.8,30.27,28.47
2019-07-01,13058.72,10541.65,['MSFT'],2517.07,570.92,2487.8,30.59,29.57
2019-07-02,13075.42,8607.34,"['MSFT', 'AMZN']",4468.08,587.62,2487.8,30.75,29.94
2019-07-03,13096.43,4726.74,"['MSFT', 'AMZN', 'FB', 'NFLX']",8369.69,608.63,2487.8,30.96,30.94
2019-07-05,13079.07,4726.74,"['MSFT', 'AMZN', 'FB', 'NFLX']",8352.33,591.27,2487.8,30.79,30.77
2019-07-08,13058.28,4726.74,"['MSFT', 'AMZN', 'FB', 'NFLX']",8331.54,570.48,2487.8,30.58,30.12
2019-07-09,13138.33,4726.74,"['MSFT', 'AMZN', 'FB', 'NFLX']",8411.59,650.53,2487.8,31.38,30.28
2019-07-10,13233.78,4726.74,"['MSFT', 'AMZN', 'FB', 'NFLX']",8507.04,745.98,2487.8,32.34,30.89
2019-07-11,13205.14,4726.74,"['MSFT', 'AMZN', 'FB', 'NFLX']",8478.4,717.34,2487.8,32.05,31.15
2019-07-12,13229.5,4726.74,"['MSFT', 'AMZN', 'FB', 'NFLX']",8502.76,741.7,2487.8,32.29,31.79
2019-07-15,13196.64,4726.74,"['MSFT', 'AMZN', 'FB', 'NFLX']",8469.9,708.84,2487.8,31.97,31.83
2019-07-16,13148.03,4726.74,"['MSFT', 'AMZN', 'FB', 'NFLX']",8421.29,660.23,2487.8,31.48,31.4
2019-07-17,13076.99,4726.74,"['MSFT', 'AMZN', 'FB', 'NFLX']",8350.25,589.19,2487.8,30.77,30.51
2019-07-18,12869.29,3579.5,"['MSFT', 'AMZN', 'FB', 'NFLX', 'GOOGL']",9289.79,381.49,2487.8,28.69,30.99
2019-07-19,12769.18,3579.5,"['MSFT', 'AMZN', 'FB', 'NFLX', 'GOOGL']",9189.68,281.38,2487.8,27.69,30.29
2019-07-22,12848.73,3579.5,"['MSFT', 'AMZN', 'FB', 'NFLX', 'GOOGL']",9269.23,360.93,2487.8,28.49,30.6
2019-07-23,12866.18,3579.5,"['MSFT', 'AMZN', 'FB', 'NFLX', 'GOOGL']",9286.68,378.38,2487.8,28.66,31.5
2019-07-24,12966.91,3579.5,"['MSFT', 'AMZN', 'FB', 'NFLX', 'GOOGL']",9387.41,479.11,2487.8,29.67,32.1
2019-07-25,12929.4,3579.5,"['MSFT', 'AMZN', 'FB', 'NFLX', 'GOOGL']",9349.9,441.6,2487.8,29.29,31.46
2019-07-26,13066.24,3579.5,"['MSFT', 'AMZN', 'FB', 'NFLX', 'GOOGL']",9486.74,578.44,2487.8,30.66,32.4
2019-07-29,12973.01,5243.0,"['MSFT', 'AMZN', 'FB', 'GOOGL']",7730.01,730.31,2242.7,29.73,32.16
2019-07-30,12943.64,5243.0,"['MSFT', 'AMZN', 'FB', 'GOOGL']",7700.64,700.94,2242.7,29.44,31.84
2019-07-31,12798.3,5243.0,"['MSFT', 'AMZN', 'FB', 'GOOGL']",7555.3,555.6,2242.7,27.98,30.35
2019-08-01,12798.62,5243.0,"['MSFT', 'AMZN', 'FB', 'GOOGL']",7555.62,555.92,2242.7,27.99,29.25
2019-08-02,12692.46,5243.0,"['MSFT', 'AMZN', 'FB', 'GOOGL']",7449.46,449.76,2242.7,26.92,28.31
2019-08-05,12432.88,5243.0,"['MSFT', 'AMZN', 'FB', 'GOOGL']",7189.88,190.18,2242.7,24.33,24.52
2019-08-06,12545.72,5243.0,"['MSFT', 'AMZN', 'FB', 'GOOGL']",7302.71,303.02,2242.7,25.46,26.13
2019-08-07,12573.46,5243.0,"['MSFT', 'AMZN', 'FB', 'GOOGL']",7330.46,330.76,2242.7,25.73,26.21
2019-08-08,12760.3,5243.0,"['MSFT', 'AMZN', 'FB', 'GOOGL']",7517.3,517.6,2242.7,27.6,28.68
2019-08-09,12672.71,5243.0,"['MSFT', 'AMZN', 'FB', 'GOOGL']",7429.71,430.01,2242.7,26.73,27.78
2019-08-12,12575.23,5243.0,"['MSFT', 'AMZN', 'FB', 'GOOGL']",7332.23,332.53,2242.7,25.75,26.28
2019-08-13,12719.81,7067.34,"['MSFT', 'FB', 'GOOGL']",5652.47,587.08,2132.73,27.2,28.24
2019-08-14,12522.76,7067.34,"['MSFT', 'FB', 'GOOGL']",5455.42,390.03,2132.73,25.23,24.38
2019-08-15,12551.04,7067.34,"['MSFT', 'FB', 'GOOGL']",5483.7,418.31,2132.73,25.51,24.77
2019-08-16,12617.64,8904.34,"['MSFT', 'GOOGL']",3713.3,619.91,1997.73,26.18,26.6
2019-08-19,12681.31,8904.34,"['MSFT', 'GOOGL']",3776.97,683.58,1997.73,26.81,28.15
2019-08-20,12643.0,8904.34,"['MSFT', 'GOOGL']",3738.65,645.27,1997.73,26.43,27.16
2019-08-21,12679.53,8904.34,"['MSFT', 'GOOGL']",3775.19,681.8,1997.73,26.8,28.19
2019-08-22,12660.67,8904.34,"['MSFT', 'GOOGL']",3756.32,662.94,1997.73,26.61,28.14
2019-08-23,12541.01,8904.34,"['MSFT', 'GOOGL']",3636.66,543.27,1997.73,25.41,24.85
2019-08-26,12596.95,11425.77,['GOOGL'],1171.18,23.94,2573.01,25.97,26.24
2019-08-27,12596.59,11425.77,['GOOGL'],1170.82,23.58,2573.01,25.97,25.74
2019-08-28,12599.52,11425.77,['GOOGL'],1173.75,26.51,2573.01,26.0,26.62
2019-08-29,12620.01,11425.77,['GOOGL'],1194.24,47.0,2573.01,26.2,28.26
2019-08-30,12616.3,11425.77,['GOOGL'],1190.53,43.29,2573.01,26.16,28.21
2019-09-03,12595.32,11425.77,['GOOGL'],1169.55,22.31,2573.01,25.95,27.5
2019-09-04,12608.04,11425.77,['GOOGL'],1182.27,35.03,2573.01,26.08,28.86
2019-09-05,12637.96,11425.77,['GOOGL'],1212.19,64.95,2573.01,26.38,30.57
2019-09-06,12632.09,11425.77,['GOOGL'],1206.32,59.08,2573.01,26.32,30.66
2019-09-09,12631.04,11425.77,['GOOGL'],1205.27,58.03,2573.01,26.31,30.7
2019-09-10,12631.47,11425.77,['GOOGL'],1205.7,58.46,2573.01,26.31,30.73
2019-09-11,12645.77,11425.77,['GOOGL'],1220.0,72.76,2573.01,26.46,31.67
2019-09-12,12660.74,11425.77,['GOOGL'],1234.97,87.73,2573.01,26.61,32.05
2019-09-13,12665.8,9542.23,"['GOOGL', 'MSFT']",3123.58,92.79,2573.01,26.66,32.02
2019-09-16,12643.82,9542.23,"['GOOGL', 'MSFT']",3101.6,70.81,2573.01,26.44,31.58
2019-09-17,12656.61,11426.73,['GOOGL'],1229.88,82.64,2573.97,26.57,31.94
2019-09-18,12659.38,11426.73,['GOOGL'],1232.65,85.41,2573.97,26.59,32.02
2019-09-19,12665.48,9491.75,"['GOOGL', 'MSFT']",3173.73,91.51,2573.97,26.65,31.99
2019-09-20,12634.21,9491.75,"['GOOGL', 'MSFT']",3142.47,60.24,2573.97,26.34,31.29
2019-09-23,12634.95,9491.75,"['GOOGL', 'MSFT']",3143.2,60.98,2573.97,26.35,31.38
2019-09-24,12594.45,9491.75,"['GOOGL', 'MSFT']",3102.7,20.48,2573.97,25.94,30.29
2019-09-25,12649.22,9491.75,"['GOOGL', 'MSFT']",3157.47,75.24,2573.97,26.49,31.09
2019-09-26,12648.04,9491.75,"['GOOGL', 'MSFT']",3156.29,74.06,2573.97,26.48,30.83
2019-09-27,12606.87,9491.75,"['GOOGL', 'MSFT']",3115.12,32.9,2573.97,26.07,30.1
2019-09-30,12619.89,9491.75,"['GOOGL', 'MSFT']",3128.14,45.92,2573.97,26.2,30.74
2019-10-01,12577.87,9491.75,"['GOOGL', 'MSFT']",3086.12,3.89,2573.97,25.78,29.17
2019-10-02,12516.59,9491.75,"['GOOGL', 'MSFT']",3024.84,-57.38,2573.97,25.17,26.89
2019-10-03,12550.46,9491.75,"['GOOGL', 'MSFT']",3058.71,-23.51,2573.97,25.5,27.9
2019-10-04,12597.23,9491.75,"['GOOGL', 'MSFT']",3105.48,23.26,2573.97,25.97,29.67
2019-10-07,12580.8,9491.75,"['GOOGL', 'MSFT']",3089.05,6.83,2573.97,25.81,29.11
2019-10-08,12542.79,9491.75,"['GOOGL', 'MSFT']",3051.04,-31.18,2573.97,25.43,27.11
2019-10-09,12590.31,9491.75,"['GOOGL', 'MSFT']",3098.57,16.34,2573.97,25.9,28.29
2019-10-10,12609.18,9491.75,"['GOOGL', 'MSFT']",3117.43,35.21,2573.97,26.09,29.17
2019-10-11,12623.38,9491.75,"['GOOGL', 'MSFT']",3131.63,49.4,2573.97,26.23,30.51
2019-10-14,12623.65,9491.75,"['GOOGL', 'MSFT']",3131.9,49.68,2573.97,26.24,30.39
2019-10-15,12675.83,9491.75,"['GOOGL', 'MSFT']",3184.08,101.86,2573.97,26.76,31.66
2019-10-16,12660.68,9491.75,"['GOOGL', 'MSFT']",3168.93,86.71,2573.97,26.61,31.45
2019-10-17,12660.6,9491.75,"['GOOGL', 'MSFT']",3168.85,86.63,2573.97,26.61,31.8
2019-10-18,12620.94,9491.75,"['GOOGL', 'MSFT']",3129.19,46.97,2573.97,26.21,31.26
2019-10-21,12634.8,9491.75,"['GOOGL', 'MSFT']",3143.05,60.83,2573.97,26.35,32.18
2019-10-22,12603.47,9491.75,"['GOOGL', 'MSFT']",3111.72,29.49,2573.97,26.03,31.71
2019-10-23,12631.83,9491.75,"['GOOGL', 'MSFT']",3140.08,57.86,2573.97,26.32,32.1
2019-10-24,12670.34,9491.75,"['GOOGL', 'MSFT']",3178.59,96.37,2573.97,26.7,32.32
2019-10-25,12686.37,9491.75,"['GOOGL', 'MSFT']",3194.62,112.4,2573.97,26.86,32.87
2019-10-28,12758.51,9491.75,"['GOOGL', 'MSFT']",3266.76,184.54,2573.97,27.59,33.64
2019-10-29,12711.53,9491.75,"['GOOGL', 'MSFT']",3219.78,137.56,2573.97,27.12,33.55
2019-10-30,12735.99,7609.25,"['GOOGL', 'MSFT', 'FB']",5126.74,162.02,2573.97,27.36,34.02
2019-10-31,12751.08,7609.25,"['GOOGL', 'MSFT', 'FB']",5141.83,177.11,2573.97,27.51,33.59
2019-11-01,12789.03,7609.25,"['GOOGL', 'MSFT', 'FB']",5179.78,215.06,2573.97,27.89,34.86
2019-11-04,12828.78,7609.25,"['GOOGL', 'MSFT', 'FB']",5219.53,254.8,2573.97,28.29,35.4
2019-11-05,12825.37,5881.07,"['GOOGL', 'MSFT', 'FB', 'NFLX']",6944.3,251.4,2573.97,28.25,35.23
2019-11-06,12795.11,5881.07,"['GOOGL', 'MSFT', 'FB', 'NFLX']",6914.05,221.14,2573.97,27.95,35.3
2019-11-07,12808.37,5881.07,"['GOOGL', 'MSFT', 'FB', 'NFLX']",6927.3,234.4,2573.97,28.08,35.78
2019-11-08,12849.95,4095.19,"['GOOGL', 'MSFT', 'FB', 'NFLX', 'AMZN']",8754.76,275.97,2573.97,28.5,36.11
2019-11-11,12830.41,4095.19,"['GOOGL', 'MSFT', 'FB', 'NFLX', 'AMZN']",8735.22,256.44,2573.97,28.3,35.85
2019-11-12,12884.44,4095.19,"['GOOGL', 'MSFT', 'FB', 'NFLX', 'AMZN']",8789.25,310.47,2573.97,28.84,36.12
2019-11-13,12795.61,4095.19,"['GOOGL', 'MSFT', 'FB', 'NFLX', 'AMZN']",8700.42,221.64,2573.97,27.96,36.17
2019-11-14,12859.02,4095.19,"['GOOGL', 'MSFT', 'FB', 'NFLX', 'AMZN']",8763.83,285.05,2573.97,28.59,36.36
2019-11-15,12946.46,4095.19,"['GOOGL', 'MSFT', 'FB', 'NFLX', 'AMZN']",8851.27,372.49,2573.97,29.46,37.37
2019-11-18,13019.11,4095.19,"['GOOGL', 'MSFT', 'FB', 'NFLX', 'AMZN']",8923.92,445.14,2573.97,30.19,37.46
2019-11-19,13032.19,4095.19,"['GOOGL', 'MSFT', 'FB', 'NFLX', 'AMZN']",8937.0,458.22,2573.97,30.32,37.39
2019-11-20,13007.89,4095.19,"['GOOGL', 'MSFT', 'FB', 'NFLX', 'AMZN']",8912.7,433.92,2573.97,30.08,36.91
2019-11-21,13036.81,4095.19,"['GOOGL', 'MSFT', 'FB', 'NFLX', 'AMZN']",8941.62,462.83,2573.97,30.37,36.7
2019-11-22,13044.5,4095.19,"['GOOGL', 'MSFT', 'FB', 'NFLX', 'AMZN']",8949.31,470.53,2573.97,30.45,37.0
2019-11-25,13147.28,4095.19,"['GOOGL', 'MSFT', 'FB', 'NFLX', 'AMZN']",9052.09,573.31,2573.97,31.47,38.04
2019-11-26,13162.19,4095.19,"['GOOGL', 'MSFT', 'FB', 'NFLX', 'AMZN']",9067.0,588.22,2573.97,31.62,38.32
2019-11-27,13237.82,4095.19,"['GOOGL', 'MSFT', 'FB', 'NFLX', 'AMZN']",9142.63,663.85,2573.97,32.38,38.97
2019-11-29,13187.92,4095.19,"['GOOGL', 'MSFT', 'FB', 'NFLX', 'AMZN']",9092.73,613.94,2573.97,31.88,38.44
2019-12-02,13080.88,4095.19,"['GOOGL', 'MSFT', 'FB', 'NFLX', 'AMZN']",8985.69,506.91,2573.97,30.81,37.31
2019-12-03,13040.04,4095.19,"['GOOGL', 'MSFT', 'FB', 'NFLX', 'AMZN']",8944.85,466.06,2573.97,30.4,36.35
2019-12-04,13050.26,4095.19,"['GOOGL', 'MSFT', 'FB', 'NFLX', 'AMZN']",8955.07,476.29,2573.97,30.5,37.22
2019-12-05,13036.91,4095.19,"['GOOGL', 'MSFT', 'FB', 'NFLX', 'AMZN']",8941.72,462.94,2573.97,30.37,37.47
2019-12-06,13129.35,4095.19,"['GOOGL', 'MSFT', 'FB', 'NFLX', 'AMZN']",9034.16,555.38,2573.97,31.29,38.7
2019-12-09,13099.29,4095.19,"['GOOGL', 'MSFT', 'FB', 'NFLX', 'AMZN']",9004.1,525.32,2573.97,30.99,38.27
2019-12-10,13024.75,4095.19,"['GOOGL', 'MSFT', 'FB', 'NFLX', 'AMZN']",8929.56,450.77,2573.97,30.25,38.14
2019-12-11,13092.22,5843.91,"['GOOGL', 'MSFT', 'FB', 'NFLX']",7248.31,555.41,2536.81,30.92,38.5
2019-12-12,13059.62,5843.91,"['GOOGL', 'MSFT', 'FB', 'NFLX']",7215.71,522.8,2536.81,30.6,39.72
2019-12-13,13049.71,5843.91,"['GOOGL', 'MSFT', 'FB', 'NFLX']",7205.8,512.9,2536.81,30.5,39.78
2019-12-16,13149.66,5843.91,"['GOOGL', 'MSFT', 'FB', 'NFLX']",7305.75,612.85,2536.81,31.5,40.76
2019-12-17,13204.61,5843.91,"['GOOGL', 'MSFT', 'FB', 'NFLX']",7360.7,667.8,2536.81,32.05,40.79
2019-12-18,13270.25,5843.91,"['GOOGL', 'MSFT', 'FB', 'NFLX']",7426.34,733.44,2536.81,32.7,40.8
2019-12-19,13397.34,4051.63,"['GOOGL', 'MSFT', 'FB', 'NFLX', 'AMZN']",9345.71,860.53,2536.81,33.97,41.39
2019-12-20,13440.22,4051.63,"['GOOGL', 'MSFT', 'FB', 'NFLX', 'AMZN']",9388.59,903.41,2536.81,34.4,42.11
2019-12-23,13422.13,4051.63,"['GOOGL', 'MSFT', 'FB', 'NFLX', 'AMZN']",9370.5,885.32,2536.81,34.22,42.24
2019-12-24,13401.73,4051.63,"['GOOGL', 'MSFT', 'FB', 'NFLX', 'AMZN']",9350.1,864.91,2536.81,34.02,42.24
2019-12-26,13540.36,4051.63,"['GOOGL', 'MSFT', 'FB', 'NFLX', 'AMZN']",9488.73,1003.55,2536.81,35.4,42.97
2019-12-27,13519.41,4051.63,"['GOOGL', 'MSFT', 'FB', 'NFLX', 'AMZN']",9467.78,982.6,2536.81,35.19,42.97
2019-12-30,13391.14,4051.63,"['GOOGL', 'MSFT', 'FB', 'NFLX', 'AMZN']",9339.51,854.32,2536.81,33.91,42.19
2019-12-31,13403.24,4051.63,"['GOOGL', 'MSFT', 'FB', 'NFLX', 'AMZN']",9351.61,866.43,2536.81,34.03,42.55
2020-01-02,13605.63,4051.63,"['GOOGL', 'MSFT', 'FB', 'NFLX', 'AMZN']",9554.0,1068.82,2536.81,36.06,43.82
2020-01-03,13513.34,4051.63,"['GOOGL', 'MSFT', 'FB', 'NFLX', 'AMZN']",9461.71,976.53,2536.81,35.13,42.77
2020-01-06,13682.07,4051.63,"['GOOGL', 'MSFT', 'FB', 'NFLX', 'AMZN']",9630.44,1145.25,2536.81,36.82,43.3
2020-01-07,13637.51,4051.63,"['GOOGL', 'MSFT', 'FB', 'NFLX', 'AMZN']",9585.88,1100.7,2536.81,36.38,42.91
2020-01-08,13739.75,4051.63,"['GOOGL', 'MSFT', 'FB', 'NFLX', 'AMZN']",9688.13,1202.94,2536.81,37.4,43.64
2020-01-09,13800.31,4051.63,"['GOOGL', 'MSFT', 'FB', 'NFLX', 'AMZN']",9748.68,1263.5,2536.81,38.0,44.64
2020-01-10,13739.21,4051.63,"['GOOGL', 'MSFT', 'FB', 'NFLX', 'AMZN']",9687.58,1202.4,2536.81,37.39,44.22
2020-01-13,13882.84,4051.63,"['GOOGL', 'MSFT', 'FB', 'NFLX', 'AMZN']",9831.21,1346.03,2536.81,38.83,45.18
2020-01-14,13805.83,4051.63,"['GOOGL', 'MSFT', 'FB', 'NFLX', 'AMZN']",9754.2,1269.02,2536.81,38.06,44.98
2020-01-15,13844.65,4051.63,"['GOOGL', 'MSFT', 'FB', 'NFLX', 'AMZN']",9793.02,1307.84,2536.81,38.45,45.31
2020-01-16,13916.19,4051.63,"['GOOGL', 'MSFT', 'FB', 'NFLX', 'AMZN']",9864.56,1379.37,2536.81,39.16,46.52
2020-01-17,13955.12,4051.63,"['GOOGL', 'MSFT', 'FB', 'NFLX', 'AMZN']",9903.5,1418.31,2536.81,39.55,47.02
2020-01-21,13960.52,4051.63,"['GOOGL', 'MSFT', 'FB', 'NFLX', 'AMZN']",9908.89,1423.7,2536.81,39.61,46.71
2020-01-22,13873.03,4051.63,"['GOOGL', 'MSFT', 'FB', 'NFLX', 'AMZN']",9821.4,1336.21,2536.81,38.73,46.75
2020-01-23,14010.7,4051.63,"['GOOGL', 'MSFT', 'FB', 'NFLX', 'AMZN']",9959.08,1473.89,2536.81,40.11,46.9
2020-01-24,13949.28,4051.63,"['GOOGL', 'MSFT', 'FB', 'NFLX', 'AMZN']",9897.65,1412.47,2536.81,39.49,45.56
2020-01-27,13751.18,4051.63,"['GOOGL', 'MSFT', 'FB', 'NFLX', 'AMZN']",9699.55,1214.36,2536.81,37.51,43.24
2020-01-28,13901.66,4051.63,"['GOOGL', 'MSFT', 'FB', 'NFLX', 'AMZN']",9850.03,1364.85,2536.81,39.02,44.79
2020-01-29,13970.36,4051.63,"['GOOGL', 'MSFT', 'FB', 'NFLX', 'AMZN']",9918.73,1433.55,2536.81,39.7,44.65
2020-01-30,13936.31,4051.63,"['GOOGL', 'MSFT', 'FB', 'NFLX', 'AMZN']",9884.68,1399.5,2536.81,39.36,45.1
2020-01-31,13925.68,4051.63,"['GOOGL', 'MSFT', 'FB', 'NFLX', 'AMZN']",9874.05,1388.87,2536.81,39.26,42.5
2020-02-03,14128.36,4051.63,"['GOOGL', 'MSFT', 'FB', 'NFLX', 'AMZN']",10076.73,1591.55,2536.81,41.28,43.54
2020-02-04,14338.1,4051.63,"['GOOGL', 'MSFT', 'FB', 'NFLX', 'AMZN']",10286.47,1801.29,2536.81,43.38,45.75
2020-02-05,14332.67,4051.63,"['GOOGL', 'MSFT', 'FB', 'NFLX', 'AMZN']",10281.04,1795.86,2536.81,43.33,47.4
2020-02-06,14415.37,4051.63,"['GOOGL', 'MSFT', 'FB', 'NFLX', 'AMZN']",10363.74,1878.56,2536.81,44.15,47.9
2020-02-07,14464.86,4051.63,"['GOOGL', 'MSFT', 'FB', 'NFLX', 'AMZN']",10413.23,1928.05,2536.81,44.65,47.15
2020-02-10,14648.34,4051.63,"['GOOGL', 'MSFT', 'FB', 'NFLX', 'AMZN']",10596.71,2111.53,2536.81,46.48,48.2
2020-02-11,14565.02,4051.63,"['GOOGL', 'MSFT', 'FB', 'NFLX', 'AMZN']",10513.39,2028.21,2536.81,45.65,48.47
2020-02-12,14660.13,4051.63,"['GOOGL', 'MSFT', 'FB', 'NFLX', 'AMZN']",10608.5,2123.31,2536.81,46.6,49.43
2020-02-13,14663.13,4051.63,"['GOOGL', 'MSFT', 'FB', 'NFLX', 'AMZN']",10611.5,2126.32,2536.81,46.63,49.28
2020-02-14,14680.44,4051.63,"['GOOGL', 'MSFT', 'FB', 'NFLX', 'AMZN']",10628.81,2143.63,2536.81,46.8,49.53
2020-02-18,14808.31,4051.63,"['GOOGL', 'MSFT', 'FB', 'NFLX', 'AMZN']",10756.68,2271.5,2536.81,48.08,49.12
2020-02-19,14823.36,4051.63,"['GOOGL', 'MSFT', 'FB', 'NFLX', 'AMZN']",10771.73,2286.54,2536.81,48.23,49.84
2020-02-20,14728.65,4051.63,"['GOOGL', 'MSFT', 'FB', 'NFLX', 'AMZN']",10677.02,2191.83,2536.81,47.29,49.25
2020-02-21,14477.95,4051.63,"['GOOGL', 'MSFT', 'FB', 'NFLX', 'AMZN']",10426.32,1941.14,2536.81,44.78,47.71
2020-02-24,14058.58,4051.63,"['GOOGL', 'MSFT', 'FB', 'NFLX', 'AMZN']",10006.95,1521.77,2536.81,40.59,42.77
2020-02-25,13858.41,6019.33,"['GOOGL', 'MSFT', 'NFLX', 'AMZN']",7839.08,1236.4,2622.01,38.58,38.48
2020-02-26,14013.3,6019.33,"['GOOGL', 'MSFT', 'NFLX', 'AMZN']",7993.97,1391.28,2622.01,40.13,37.86
2020-02-27,13631.84,6019.33,"['GOOGL', 'MSFT', 'NFLX', 'AMZN']",7612.51,1009.82,2622.01,36.32,31.75
2020-02-28,13692.36,6019.33,"['GOOGL', 'MSFT', 'NFLX', 'AMZN']",7673.03,1070.35,2622.01,36.92,30.96
2020-03-02,14030.52,6019.33,"['GOOGL', 'MSFT', 'NFLX', 'AMZN']",8011.19,1408.51,2622.01,40.31,36.8
2020-03-03,13749.01,6019.33,"['GOOGL', 'MSFT', 'NFLX', 'AMZN']",7729.68,1127.0,2622.01,37.49,33.03
2020-03-04,14033.21,6019.33,"['GOOGL', 'MSFT', 'NFLX', 'AMZN']",8013.88,1411.2,2622.01,40.33,38.54
2020-03-05,13789.44,6019.33,"['GOOGL', 'MSFT', 'NFLX', 'AMZN']",7770.11,1167.43,2622.01,37.89,33.9
2020-03-06,13659.76,6019.33,"['GOOGL', 'MSFT', 'NFLX', 'AMZN']",7640.43,1037.75,2622.01,36.6,31.66
2020-03-09,13193.33,7235.12,"['MSFT', 'NFLX', 'AMZN']",5958.21,502.77,2690.56,31.93,21.5
2020-03-10,13532.53,7235.12,"['MSFT', 'NFLX', 'AMZN']",6297.41,841.97,2690.56,35.33,27.7
2020-03-11,13275.7,7235.12,"['MSFT', 'NFLX', 'AMZN']",6040.58,585.14,2690.56,32.76,21.37
2020-03-12,12722.36,7235.12,"['MSFT', 'NFLX', 'AMZN']",5487.24,31.79,2690.56,27.22,9.63
2020-03-13,13229.86,9427.09,"['NFLX', 'AMZN']",3802.77,282.31,2947.55,32.3,19.88
2020-03-16,12909.28,11116.24,['NFLX'],1793.04,64.86,2844.42,29.09,5.8
2020-03-17,13034.74,11116.24,['NFLX'],1918.5,190.32,2844.42,30.35,12.73
2020-03-18,13009.06,11116.24,['NFLX'],1892.82,164.64,2844.42,30.09,6.57
2020-03-19,13108.42,13108.42,[],0.0,0.0,3108.42,31.08,6.66
2020-03-20,13108.42,13108.42,[],0.0,0.0,3108.42,31.08,2.01
2020-03-23,13108.42,13108.42,[],0.0,0.0,3108.42,31.08,-1.12
2020-03-24,13108.42,13108.42,[],0.0,0.0,3108.42,31.08,8.31
2020-03-25,13108.42,13108.42,[],0.0,0.0,3108.42,31.08,9.7
2020-03-26,13108.42,13108.42,[],0.0,0.0,3108.42,31.08,16.29
2020-03-27,13108.42,13108.42,[],0.0,0.0,3108.42,31.08,12.72
2020-03-30,13108.42,13108.42,[],0.0,0.0,3108.42,31.08,16.37
2020-03-31,13108.42,13108.42,[],0.0,0.0,3108.42,31.08,14.64
2020-04-01,13108.42,13108.42,[],0.0,0.0,3108.42,31.08,9.47
2020-04-02,13108.42,13108.42,[],0.0,0.0,3108.42,31.08,12.03
2020-04-03,13108.42,13108.42,[],0.0,0.0,3108.42,31.08,10.38
2020-04-06,13108.42,13108.42,[],0.0,0.0,3108.42,31.08,17.89
2020-04-07,13108.42,13108.42,[],0.0,0.0,3108.42,31.08,17.95
2020-04-08,13108.42,13108.42,[],0.0,0.0,3108.42,31.08,21.95
2020-04-09,13108.42,13108.42,[],0.0,0.0,3108.42,31.08,23.76
2020-04-13,13108.42,13108.42,[],0.0,0.0,3108.42,31.08,22.56
2020-04-14,13108.42,13108.42,[],0.0,0.0,3108.42,31.08,26.31
2020-04-15,13108.42,13108.42,[],0.0,0.0,3108.42,31.08,23.56
2020-04-16,13108.42,13108.42,[],0.0,0.0,3108.42,31.08,24.18
2020-04-17,13108.42,13108.42,[],0.0,0.0,3108.42,31.08,27.61
2020-04-20,13108.42,13108.42,[],0.0,0.0,3108.42,31.08,25.31
2020-04-21,13108.42,13108.42,[],0.0,0.0,3108.42,31.08,21.48
2020-04-22,13108.42,11226.87,['MSFT'],1881.55,0.0,3108.42,31.08,24.15
2020-04-23,13085.64,11226.87,['MSFT'],1858.78,-22.77,3108.42,30.86,24.13
2020-04-24,13119.58,11226.87,['MSFT'],1892.72,11.17,3108.42,31.2,25.93
2020-04-27,13114.16,11226.87,['MSFT'],1887.3,5.75,3108.42,31.14,27.75
2020-04-28,13068.19,11226.87,['MSFT'],1841.32,-40.23,3108.42,30.68,27.16
2020-04-29,13150.81,9284.97,"['MSFT', 'FB']",3865.85,42.4,3108.42,31.51,30.43
2020-04-30,13275.32,7938.27,"['MSFT', 'FB', 'GOOGL']",5337.05,166.9,3108.42,32.75,29.3
2020-05-01,13171.22,7938.27,"['MSFT', 'FB', 'GOOGL']",5232.95,62.81,3108.42,31.71,25.77
2020-05-04,13253.0,7938.27,"['MSFT', 'FB', 'GOOGL']",5314.74,144.59,3108.42,32.53,26.17
2020-05-05,13318.04,7938.27,"['MSFT', 'FB', 'GOOGL']",5379.78,209.63,3108.42,33.18,27.33
2020-05-06,13347.75,7938.27,"['MSFT', 'FB', 'GOOGL']",5409.49,239.34,3108.42,33.48,26.47
2020-05-07,13411.0,7938.27,"['MSFT', 'FB', 'GOOGL']",5472.73,302.58,3108.42,34.11,27.97
2020-05-08,13448.67,7938.27,"['MSFT', 'FB', 'GOOGL']",5510.4,340.25,3108.42,34.49,30.11
2020-05-11,13498.56,7938.27,"['MSFT', 'FB', 'GOOGL']",5560.29,390.14,3108.42,34.99,30.13
2020-05-12,13393.48,7938.27,"['MSFT', 'FB', 'GOOGL']",5455.21,285.06,3108.42,33.93,27.51
2020-05-13,13286.7,7938.27,"['MSFT', 'FB', 'GOOGL']",5348.43,178.28,3108.42,32.87,25.25
2020-05-14,13320.79,7938.27,"['MSFT', 'FB', 'GOOGL']",5382.52,212.37,3108.42,33.21,26.76
2020-05-15,13406.21,7938.27,"['MSFT', 'FB', 'GOOGL']",5467.94,297.79,3108.42,34.06,27.33
2020-05-18,13460.4,7938.27,"['MSFT', 'FB', 'GOOGL']",5522.14,351.99,3108.42,34.6,31.22
2020-05-19,13472.64,7938.27,"['MSFT', 'FB', 'GOOGL']",5534.38,364.23,3108.42,34.73,29.98
2020-05-20,13665.85,7938.27,"['MSFT', 'FB', 'GOOGL']",5727.58,557.43,3108.42,36.66,32.1
2020-05-21,13653.39,7938.27,"['MSFT', 'FB', 'GOOGL']",5715.12,544.97,3108.42,36.53,31.16
2020-05-22,13695.95,7938.27,"['MSFT', 'FB', 'GOOGL']",5757.68,587.53,3108.42,36.96,31.45
2020-05-26,13655.88,7938.27,"['MSFT', 'FB', 'GOOGL']",5717.62,547.47,3108.42,36.56,33.14
2020-05-27,13626.8,7938.27,"['MSFT', 'FB', 'GOOGL']",5688.54,518.39,3108.42,36.27,35.08
2020-05-28,13583.51,7938.27,"['MSFT', 'FB', 'GOOGL']",5645.24,475.09,3108.42,35.84,34.82
2020-05-29,13615.2,7938.27,"['MSFT', 'FB', 'GOOGL']",5676.93,506.78,3108.42,36.15,35.42
2020-06-01,13680.18,7938.27,"['MSFT', 'FB', 'GOOGL']",5741.92,571.77,3108.42,36.8,36.01
2020-06-02,13718.34,7938.27,"['MSFT', 'FB', 'GOOGL']",5780.07,609.92,3108.42,37.18,37.13
2020-06-03,13694.57,7938.27,"['MSFT', 'FB', 'GOOGL']",5756.31,586.16,3108.42,36.95,38.94
2020-06-04,13604.39,7938.27,"['MSFT', 'FB', 'GOOGL']",5666.13,495.98,3108.42,36.04,38.59
2020-06-05,13721.45,7938.27,"['MSFT', 'FB', 'GOOGL']",5783.18,613.03,3108.42,37.21,42.13
2020-06-08,13748.38,7938.27,"['MSFT', 'FB', 'GOOGL']",5810.12,639.97,3108.42,37.48,43.85
2020-06-09,13840.78,7938.27,"['MSFT', 'FB', 'GOOGL']",5902.51,732.36,3108.42,38.41,42.83
2020-06-10,13910.55,7938.27,"['MSFT', 'FB', 'GOOGL']",5972.28,802.13,3108.42,39.11,41.94
2020-06-11,13609.82,7938.27,"['MSFT', 'FB', 'GOOGL']",5671.55,501.4,3108.42,36.1,33.76
2020-06-12,13678.32,7938.27,"['MSFT', 'FB', 'GOOGL']",5740.05,569.91,3108.42,36.78,35.37
2020-06-15,13738.39,7938.27,"['MSFT', 'FB', 'GOOGL']",5800.12,629.97,3108.42,37.38,36.61
2020-06-16,13845.96,7938.27,"['MSFT', 'FB', 'GOOGL']",5907.7,737.55,3108.42,38.46,39.28
2020-06-17,13858.12,7938.27,"['MSFT', 'FB', 'GOOGL']",5919.85,749.7,3108.42,38.58,38.64
2020-06-18,13866.41,7938.27,"['MSFT', 'FB', 'GOOGL']",5928.15,758.0,3108.42,38.66,38.77
2020-06-19,13872.71,7938.27,"['MSFT', 'FB', 'GOOGL']",5934.44,764.3,3108.42,38.73,37.95
2020-06-22,13961.96,7938.27,"['MSFT', 'FB', 'GOOGL']",6023.7,853.55,3108.42,39.62,38.86
2020-06-23,14020.05,6073.23,"['MSFT', 'FB', 'GOOGL', 'NFLX']",7946.83,911.64,3108.42,40.2,39.49
2020-06-24,13828.68,6073.23,"['MSFT', 'FB', 'GOOGL', 'NFLX']",7755.45,720.26,3108.42,38.29,35.92
2020-06-25,13913.1,6073.23,"['MSFT', 'FB', 'GOOGL', 'NFLX']",7839.88,804.69,3108.42,39.13,37.36
2020-06-26,13504.9,6073.23,"['MSFT', 'FB', 'GOOGL', 'NFLX']",7431.68,396.49,3108.42,35.05,34.14
2020-06-29,13623.43,6073.23,"['MSFT', 'FB', 'GOOGL', 'NFLX']",7550.21,515.02,3108.42,36.23,36.09
2020-06-30,13794.94,6073.23,"['MSFT', 'FB', 'GOOGL', 'NFLX']",7721.71,686.53,3108.42,37.95,37.9
2020-07-01,14059.03,6073.23,"['MSFT', 'FB', 'GOOGL', 'NFLX']",7985.8,950.61,3108.42,40.59,38.85
2020-07-02,14027.62,6073.23,"['MSFT', 'FB', 'GOOGL', 'NFLX']",7954.4,919.21,3108.42,40.28,39.55
2020-07-06,14241.9,6073.23,"['MSFT', 'FB', 'GOOGL', 'NFLX']",8168.67,1133.48,3108.42,42.42,41.71
2020-07-07,14208.73,6073.23,"['MSFT', 'FB', 'GOOGL', 'NFLX']",8135.5,1100.31,3108.42,42.09,40.25
2020-07-08,14337.89,6073.23,"['MSFT', 'FB', 'GOOGL', 'NFLX']",8264.66,1229.47,3108.42,43.38,41.29
2020-07-09,14398.27,6073.23,"['MSFT', 'FB', 'GOOGL', 'NFLX']",8325.04,1289.86,3108.42,43.98,40.57
2020-07-10,14581.13,6073.23,"['MSFT', 'FB', 'GOOGL', 'NFLX']",8507.91,1472.72,3108.42,45.81,41.98
2020-07-13,14328.97,6073.23,"['MSFT', 'FB', 'GOOGL', 'NFLX']",8255.74,1220.55,3108.42,43.29,40.69
2020-07-14,14356.34,6073.23,"['MSFT', 'FB', 'GOOGL', 'NFLX']",8283.11,1247.92,3108.42,43.56,42.58
2020-07-15,14348.01,6073.23,"['MSFT', 'FB', 'GOOGL', 'NFLX']",8274.78,1239.59,3108.42,43.48,43.84
2020-07-16,14324.27,6073.23,"['MSFT', 'FB', 'GOOGL', 'NFLX']",8251.04,1215.85,3108.42,43.24,43.42
2020-07-17,14188.29,6073.23,"['MSFT', 'FB', 'GOOGL', 'NFLX']",8115.06,1079.88,3108.42,41.88,43.8
2020-07-20,14401.68,6073.23,"['MSFT', 'FB', 'GOOGL', 'NFLX']",8328.45,1293.26,3108.42,44.02,45.0
2020-07-21,14276.83,6073.23,"['MSFT', 'FB', 'GOOGL', 'NFLX']",8203.6,1168.41,3108.42,42.77,45.3
2020-07-22,14298.46,6073.23,"['MSFT', 'FB', 'GOOGL', 'NFLX']",8225.23,1190.04,3108.42,42.98,46.13
2020-07-23,14028.55,6073.23,"['MSFT', 'FB', 'GOOGL', 'NFLX']",7955.33,920.14,3108.42,40.29,44.38
2020-07-24,13999.11,6073.23,"['MSFT', 'FB', 'GOOGL', 'NFLX']",7925.89,890.7,3108.42,39.99,43.45
2020-07-27,14136.76,6073.23,"['MSFT', 'FB', 'GOOGL', 'NFLX']",8063.53,1028.34,3108.42,41.37,44.49
2020-07-28,14028.72,6073.23,"['MSFT', 'FB', 'GOOGL', 'NFLX']",7955.49,920.3,3108.42,40.29,43.6
2020-07-29,14086.34,6073.23,"['MSFT', 'FB', 'GOOGL', 'NFLX']",8013.12,977.93,3108.42,40.86,45.33
2020-07-30,14116.84,6073.23,"['MSFT', 'FB', 'GOOGL', 'NFLX']",8043.62,1008.43,3108.42,41.17,44.8
2020-07-31,14282.51,6073.23,"['MSFT', 'FB', 'GOOGL', 'NFLX']",8209.28,1174.1,3108.42,42.83,46.02
2020-08-03,14424.55,6073.23,"['MSFT', 'FB', 'GOOGL', 'NFLX']",8351.32,1316.13,3108.42,44.25,46.94
2020-08-04,14402.53,6073.23,"['MSFT', 'FB', 'GOOGL', 'NFLX']",8329.3,1294.12,3108.42,44.03,47.55
2020-08-05,14367.3,6073.23,"['MSFT', 'FB', 'GOOGL', 'NFLX']",8294.07,1258.88,3108.42,43.67,48.47
2020-08-06,14619.71,6073.23,"['MSFT', 'FB', 'GOOGL', 'NFLX']",8546.49,1511.3,3108.42,46.2,49.47
2020-08-07,14545.25,6073.23,"['MSFT', 'FB', 'GOOGL', 'NFLX']",8472.03,1436.84,3108.42,45.45,49.55
2020-08-10,14397.91,6073.23,"['MSFT', 'FB', 'GOOGL', 'NFLX']",8324.68,1289.49,3108.42,43.98,50.03
2020-08-11,14194.18,6073.23,"['MSFT', 'FB', 'GOOGL', 'NFLX']",8120.95,1085.76,3108.42,41.94,48.81
2020-08-12,14355.81,6073.23,"['MSFT', 'FB', 'GOOGL', 'NFLX']",8282.58,1247.4,3108.42,43.56,50.85
2020-08-13,14397.43,6073.23,"['MSFT', 'FB', 'GOOGL', 'NFLX']",8324.21,1289.02,3108.42,43.97,50.59
2020-08-14,14392.39,6073.23,"['MSFT', 'FB', 'GOOGL', 'NFLX']",8319.16,1283.97,3108.42,43.92,50.59
2020-08-17,14416.88,6073.23,"['MSFT', 'FB', 'GOOGL', 'NFLX']",8343.66,1308.47,3108.42,44.17,51.08
2020-08-18,14519.46,6073.23,"['MSFT', 'FB', 'GOOGL', 'NFLX']",8446.23,1411.04,3108.42,45.19,51.4
2020-08-19,14467.51,6073.23,"['MSFT', 'FB', 'GOOGL', 'NFLX']",8394.29,1359.1,3108.42,44.68,50.75
2020-08-20,14670.02,6073.23,"['MSFT', 'FB', 'GOOGL', 'NFLX']",8596.8,1561.61,3108.42,46.7,51.23
2020-08-21,14609.98,6073.23,"['MSFT', 'FB', 'GOOGL', 'NFLX']",8536.75,1501.56,3108.42,46.1,51.77
2020-08-24,14656.66,6073.23,"['MSFT', 'FB', 'GOOGL', 'NFLX']",8583.43,1548.25,3108.42,46.57,53.31
2020-08-25,14809.04,6073.23,"['MSFT', 'FB', 'GOOGL', 'NFLX']",8735.82,1700.63,3108.42,48.09,53.85
2020-08-26,15357.03,6073.23,"['MSFT', 'FB', 'GOOGL', 'NFLX']",9283.81,2248.62,3108.42,53.57,55.42
2020-08-27,15208.67,6073.23,"['MSFT', 'FB', 'GOOGL', 'NFLX']",9135.44,2100.25,3108.42,52.09,55.73
2020-08-28,15239.85,6073.23,"['MSFT', 'FB', 'GOOGL', 'NFLX']",9166.63,2131.44,3108.42,52.4,56.74
2020-08-31,15211.19,6073.23,"['MSFT', 'FB', 'GOOGL', 'NFLX']",9137.97,2102.78,3108.42,52.11,56.19
2020-09-01,15386.07,6073.23,"['MSFT', 'FB', 'GOOGL', 'NFLX']",9312.84,2277.65,3108.42,53.86,57.65
2020-09-02,15551.88,6073.23,"['MSFT', 'FB', 'GOOGL', 'NFLX']",9478.65,2443.46,3108.42,55.52,59.95
2020-09-03,15085.43,6073.23,"['MSFT', 'FB', 'GOOGL', 'NFLX']",9012.2,1977.01,3108.42,50.85,54.41
2020-09-04,14881.19,6073.23,"['MSFT', 'FB', 'GOOGL', 'NFLX']",8807.96,1772.77,3108.42,48.81,53.18
2020-09-08,14545.43,6073.23,"['MSFT', 'FB', 'GOOGL', 'NFLX']",8472.2,1437.01,3108.42,45.45,48.97
2020-09-09,14661.4,6073.23,"['MSFT', 'FB', 'GOOGL', 'NFLX']",8588.18,1552.99,3108.42,46.61,51.91
2020-09-10,14441.32,6073.23,"['MSFT', 'FB', 'GOOGL', 'NFLX']",8368.09,1332.9,3108.42,44.41,49.25
2020-09-11,14407.06,6073.23,"['MSFT', 'FB', 'GOOGL', 'NFLX']",8333.83,1298.65,3108.42,44.07,49.36
2020-09-14,14387.49,6073.23,"['MSFT', 'FB', 'GOOGL', 'NFLX']",8314.27,1279.08,3108.42,43.87,51.3
2020-09-15,14592.13,6073.23,"['MSFT', 'FB', 'GOOGL', 'NFLX']",8518.91,1483.72,3108.42,45.92,52.08
2020-09-16,14390.93,6073.23,"['MSFT', 'FB', 'GOOGL', 'NFLX']",8317.7,1282.51,3108.42,43.91,51.47
2020-09-17,14200.91,6073.23,"['MSFT', 'FB', 'GOOGL', 'NFLX']",8127.69,1092.5,3108.42,42.01,50.15
2020-09-18,14113.64,6073.23,"['MSFT', 'FB', 'GOOGL', 'NFLX']",8040.41,1005.22,3108.42,41.14,48.4
2020-09-21,14141.88,6073.23,"['MSFT', 'FB', 'GOOGL', 'NFLX']",8068.65,1033.46,3108.42,41.42,46.79
2020-09-22,14306.03,6073.23,"['MSFT', 'FB', 'GOOGL', 'NFLX']",8232.8,1197.62,3108.42,43.06,48.27
2020-09-23,14041.62,6073.23,"['MSFT', 'FB', 'GOOGL', 'NFLX']",7968.39,933.2,3108.42,40.42,44.84
2020-09-24,14098.41,6073.23,"['MSFT', 'FB', 'GOOGL', 'NFLX']",8025.18,989.99,3108.42,40.98,45.24
2020-09-25,14257.17,7512.29,"['MSFT', 'FB', 'NFLX']",6744.88,1056.39,3200.78,42.57,47.56
2020-09-28,14325.91,9795.11,"['FB', 'NFLX']",4530.8,723.86,3602.05,43.26,50.03
2020-09-29,14386.93,9795.11,"['FB', 'NFLX']",4591.82,784.88,3602.05,43.87,49.18
2020-09-30,14414.23,11795.23,['FB'],2619.0,677.1,3737.13,44.14,50.33
2020-10-01,14461.53,11795.23,['FB'],2666.3,724.4,3737.13,44.62,51.28
2020-10-02,14394.63,14394.63,[],0.0,0.0,4394.63,43.95,49.88
2020-10-05,14394.63,14394.63,[],0.0,0.0,4394.63,43.95,52.5
2020-10-06,14394.63,14394.63,[],0.0,0.0,4394.63,43.95,50.37
2020-10-07,14394.63,14394.63,[],0.0,0.0,4394.63,43.95,52.95
2020-10-08,14394.63,14394.63,[],0.0,0.0,4394.63,43.95,54.3
2020-10-09,14394.63,14394.63,[],0.0,0.0,4394.63,43.95,55.67
2020-10-12,14394.63,14394.63,[],0.0,0.0,4394.63,43.95,58.18
2020-10-13,14394.63,12732.36,['NFLX'],1662.27,0.0,4394.63,43.95,57.17
2020-10-14,14356.71,12732.36,['NFLX'],1624.35,-37.92,4394.63,43.57,56.19
2020-10-15,14358.18,12732.36,['NFLX'],1625.82,-36.45,4394.63,43.58,56.0
2020-10-16,14324.73,12732.36,['NFLX'],1592.37,-69.9,4394.63,43.25,55.87
2020-10-19,14324.52,12732.36,['NFLX'],1592.16,-70.11,4394.63,43.25,53.52
2020-10-20,14308.62,12732.36,['NFLX'],1576.26,-86.01,4394.63,43.09,54.12
2020-10-21,14199.51,10816.8,"['NFLX', 'MSFT']",3382.71,-195.12,4394.63,42.0,53.84
2020-10-22,14188.85,10816.8,"['NFLX', 'MSFT']",3372.06,-205.78,4394.63,41.89,54.69
2020-10-23,14209.95,10816.8,"['NFLX', 'MSFT']",3393.16,-184.68,4394.63,42.1,55.22
2020-10-26,14154.99,10816.8,"['NFLX', 'MSFT']",3338.19,-239.64,4394.63,41.55,52.36
2020-10-27,14185.33,10816.8,"['NFLX', 'MSFT']",3368.53,-209.3,4394.63,41.85,51.86
2020-10-28,14082.99,10816.8,"['NFLX', 'MSFT']",3266.2,-311.63,4394.63,40.83,46.63
2020-10-29,14155.1,9259.92,"['NFLX', 'MSFT', 'GOOGL']",4895.18,-239.53,4394.63,41.55,48.17
2020-10-30,14108.85,9259.92,"['NFLX', 'MSFT', 'GOOGL']",4848.94,-285.78,4394.63,41.09,46.5
2020-11-02,14140.95,9259.92,"['NFLX', 'MSFT', 'GOOGL']",4881.04,-253.68,4394.63,41.41,48.21
2020-11-03,14208.16,7402.82,"['NFLX', 'MSFT', 'GOOGL', 'FB']",6805.34,-186.47,4394.63,42.08,50.82
2020-11-04,14580.92,7402.82,"['NFLX', 'MSFT', 'GOOGL', 'FB']",7178.1,186.29,4394.63,45.81,54.22
2020-11-05,14760.63,7402.82,"['NFLX', 'MSFT', 'GOOGL', 'FB']",7357.82,366.0,4394.63,47.61,57.24
2020-11-06,14755.72,7402.82,"['NFLX', 'MSFT', 'GOOGL', 'FB']",7352.9,361.09,4394.63,47.56,57.22
2020-11-09,14474.7,7402.82,"['NFLX', 'MSFT', 'GOOGL', 'FB']",7071.89,80.08,4394.63,44.75,59.18
2020-11-10,14370.03,8843.54,"['MSFT', 'GOOGL', 'FB']",5526.49,196.95,4173.08,43.7,58.98
2020-11-11,14457.29,8843.54,"['MSFT', 'GOOGL', 'FB']",5613.76,284.22,4173.08,44.57,60.09
2020-11-12,14433.19,8843.54,"['MSFT', 'GOOGL', 'FB']",5589.65,260.11,4173.08,44.33,58.61
2020-11-13,14485.26,8843.54,"['MSFT', 'GOOGL', 'FB']",5641.72,312.18,4173.08,44.85,60.77
2020-11-16,14507.52,8843.54,"['MSFT', 'GOOGL', 'FB']",5663.98,334.44,4173.08,45.08,62.72
2020-11-17,14442.73,8843.54,"['MSFT', 'GOOGL', 'FB']",5599.19,269.65,4173.08,44.43,61.91
2020-11-18,14375.35,8843.54,"['MSFT', 'GOOGL', 'FB']",5531.81,202.27,4173.08,43.75,59.94
2020-11-19,14412.05,8843.54,"['MSFT', 'GOOGL', 'FB']",5568.51,238.97,4173.08,44.12,60.61
2020-11-20,14349.03,8843.54,"['MSFT', 'GOOGL', 'FB']",5505.49,175.95,4173.08,43.49,59.54
2020-11-23,14328.81,8843.54,"['MSFT', 'GOOGL', 'FB']",5485.28,155.74,4173.08,43.29,60.48
2020-11-24,14458.12,8843.54,"['MSFT', 'GOOGL', 'FB']",5614.58,285.04,4173.08,44.58,63.08
2020-11-25,14449.12,8843.54,"['MSFT', 'GOOGL', 'FB']",5605.59,276.05,4173.08,44.49,62.81
2020-11-27,14499.72,8843.54,"['MSFT', 'GOOGL', 'FB']",5656.18,326.64,4173.08,45.0,63.28
2020-11-30,14450.84,8843.54,"['MSFT', 'GOOGL', 'FB']",5607.31,277.76,4173.08,44.51,62.54
2020-12-01,14578.0,8843.54,"['MSFT', 'GOOGL', 'FB']",5734.46,404.92,4173.08,45.78,64.33
2020-12-02,14606.89,8843.54,"['MSFT', 'GOOGL', 'FB']",5763.35,433.81,4173.08,46.07,64.68
2020-12-03,14553.96,8843.54,"['MSFT', 'GOOGL', 'FB']",5710.43,380.88,4173.08,45.54,64.63
2020-12-04,14541.91,8843.54,"['MSFT', 'GOOGL', 'FB']",5698.37,368.83,4173.08,45.42,66.05
2020-12-07,14575.71,8843.54,"['MSFT', 'GOOGL', 'FB']",5732.17,402.63,4173.08,45.76,65.74
2020-12-08,14570.13,8843.54,"['MSFT', 'GOOGL', 'FB']",5726.59,397.05,4173.08,45.7,66.22
2020-12-09,14460.66,8843.54,"['MSFT', 'GOOGL', 'FB']",5617.12,287.58,4173.08,44.61,64.74
2020-12-10,14433.4,8843.54,"['MSFT', 'GOOGL', 'FB']",5589.87,260.32,4173.08,44.33,64.66
2020-12-11,14440.06,8843.54,"['MSFT', 'GOOGL', 'FB']",5596.52,266.98,4173.08,44.4,64.45
2020-12-14,14430.41,8843.54,"['MSFT', 'GOOGL', 'FB']",5586.87,257.33,4173.08,44.3,63.7
2020-12-15,14448.12,10758.19,"['GOOGL', 'FB']",3689.93,275.95,4172.17,44.48,65.96
2020-12-16,14445.07,10758.19,"['GOOGL', 'FB']",3686.88,272.9,4172.17,44.45,66.22
2020-12-17,14420.06,8796.23,"['GOOGL', 'FB', 'MSFT']",5623.82,247.89,4172.17,44.2,67.12
2020-12-18,14411.79,7192.88,"['GOOGL', 'FB', 'MSFT', 'NFLX']",7218.9,239.62,4172.17,44.12,66.45
2020-12-21,14414.0,7192.88,"['GOOGL', 'FB', 'MSFT', 'NFLX']",7221.12,241.83,4172.17,44.14,65.94
2020-12-22,14367.1,7192.88,"['GOOGL', 'FB', 'MSFT', 'NFLX']",7174.21,194.93,4172.17,43.67,65.61
2020-12-23,14317.59,7192.88,"['GOOGL', 'FB', 'MSFT', 'NFLX']",7124.7,145.42,4172.17,43.18,65.74
2020-12-24,14332.48,7192.88,"['GOOGL', 'FB', 'MSFT', 'NFLX']",7139.6,160.32,4172.17,43.32,66.41
2020-12-28,14474.7,7192.88,"['GOOGL', 'FB', 'MSFT', 'NFLX']",7281.81,302.53,4172.17,44.75,67.85
2020-12-29,14484.96,7192.88,"['GOOGL', 'FB', 'MSFT', 'NFLX']",7292.08,312.79,4172.17,44.85,67.5
2020-12-30,14388.16,9095.97,"['GOOGL', 'MSFT', 'NFLX']",5292.18,170.0,4218.16,43.88,67.73
2020-12-31,14459.58,9095.97,"['GOOGL', 'MSFT', 'NFLX']",5363.61,241.42,4218.16,44.6,68.63
2021-01-04,14337.17,9095.97,"['GOOGL', 'MSFT', 'NFLX']",5241.2,119.01,4218.16,43.37,66.34
2021-01-05,14346.79,9095.97,"['GOOGL', 'MSFT', 'NFLX']",5250.81,128.63,4218.16,43.47,67.44
2021-01-06,14218.17,9095.97,"['GOOGL', 'MSFT', 'NFLX']",5122.19,0.01,4218.16,42.18,68.45
2021-01-07,14348.84,9095.97,"['GOOGL', 'MSFT', 'NFLX']",5252.86,130.68,4218.16,43.49,70.97
2021-01-08,14388.75,9095.97,"['GOOGL', 'MSFT', 'NFLX']",5292.77,170.59,4218.16,43.89,71.93
2021-01-11,14294.26,10852.26,"['MSFT', 'NFLX']",3442.0,-123.31,4417.57,42.94,70.81
2021-01-12,14256.82,10852.26,"['MSFT', 'NFLX']",3404.56,-160.75,4417.57,42.57,70.82
2021-01-13,14310.05,10852.26,"['MSFT', 'NFLX']",3457.78,-107.52,4417.57,43.1,71.25
2021-01-14,14259.57,10852.26,"['MSFT', 'NFLX']",3407.31,-158.0,4417.57,42.6,70.67
2021-01-15,14247.63,10852.26,"['MSFT', 'NFLX']",3395.36,-169.94,4417.57,42.48,69.45
2021-01-19,14292.88,10852.26,"['MSFT', 'NFLX']",3440.62,-124.69,4417.57,42.93,70.79
2021-01-20,14617.23,10852.26,"['MSFT', 'NFLX']",3764.97,199.66,4417.57,46.17,73.11
2021-01-21,14603.37,10852.26,"['MSFT', 'NFLX']",3751.1,185.8,4417.57,46.03,73.28
2021-01-22,14568.12,8959.7,"['MSFT', 'NFLX', 'GOOGL']",5608.41,150.55,4417.57,45.68,72.66
2021-01-25,14576.68,8959.7,"['MSFT', 'NFLX', 'GOOGL']",5616.97,159.11,4417.57,45.77,73.36
2021-01-26,14630.83,8959.7,"['MSFT', 'NFLX', 'GOOGL']",5671.13,213.27,4417.57,46.31,73.1
2021-01-27,14430.97,8959.7,"['MSFT', 'NFLX', 'GOOGL']",5471.27,13.4,4417.57,44.31,68.9
2021-01-28,14565.11,8959.7,"['MSFT', 'NFLX', 'GOOGL']",5605.4,147.54,4417.57,45.65,70.32
2021-01-29,14458.32,8959.7,"['MSFT', 'NFLX', 'GOOGL']",5498.61,40.75,4417.57,44.58,66.91
2021-02-01,14612.74,8959.7,"['MSFT', 'NFLX', 'GOOGL']",5653.03,195.17,4417.57,46.13,69.65
2021-02-02,14664.9,8959.7,"['MSFT', 'NFLX', 'GOOGL']",5705.19,247.33,4417.57,46.65,72.09
2021-02-03,14809.73,8959.7,"['MSFT', 'NFLX', 'GOOGL']",5850.03,392.16,4417.57,48.1,72.26
2021-02-04,14833.76,8959.7,"['MSFT', 'NFLX', 'GOOGL']",5874.05,416.19,4417.57,48.34,74.19
2021-02-05,14866.55,8959.7,"['MSFT', 'NFLX', 'GOOGL']",5906.84,448.98,4417.57,48.67,74.89
2021-02-08,14856.04,8959.7,"['MSFT', 'NFLX', 'GOOGL']",5896.34,438.47,4417.57,48.56,76.18
2021-02-09,14891.99,8959.7,"['MSFT', 'NFLX', 'GOOGL']",5932.28,474.42,4417.57,48.92,76.03
2021-02-10,14908.14,8959.7,"['MSFT', 'NFLX', 'GOOGL']",5948.44,490.57,4417.57,49.08,75.96
2021-02-11,14907.34,8959.7,"['MSFT', 'NFLX', 'GOOGL']",5947.64,489.77,4417.57,49.07,76.25
2021-02-12,14914.88,8959.7,"['MSFT', 'NFLX', 'GOOGL']",5955.18,497.32,4417.57,49.15,77.15
2021-02-16,14921.3,8959.7,"['MSFT', 'NFLX', 'GOOGL']",5961.6,503.73,4417.57,49.21,76.98
2021-02-17,14920.88,7044.71,"['MSFT', 'NFLX', 'GOOGL', 'FB']",7876.16,503.31,4417.57,49.21,77.02
2021-02-18,14865.77,7044.71,"['MSFT', 'NFLX', 'GOOGL', 'FB']",7821.06,448.2,4417.57,48.66,76.26
2021-02-19,14744.69,7044.71,"['MSFT', 'NFLX', 'GOOGL', 'FB']",7699.98,327.12,4417.57,47.45,75.94
2021-02-22,14624.32,7044.71,"['MSFT', 'NFLX', 'GOOGL', 'FB']",7579.6,206.75,4417.57,46.24,74.56
2021-02-23,14694.85,8905.7,"['MSFT', 'NFLX', 'GOOGL']",5789.15,331.28,4363.56,46.95,74.78
2021-02-24,14751.79,8905.7,"['MSFT', 'NFLX', 'GOOGL']",5846.09,388.23,4363.56,47.52,76.71
2021-02-25,14613.97,8905.7,"['MSFT', 'NFLX', 'GOOGL']",5708.27,250.41,4363.56,46.14,72.47
2021-02-26,14626.76,8905.7,"['MSFT', 'NFLX', 'GOOGL']",5721.06,263.2,4363.56,46.27,71.52
2021-03-01,14750.75,8905.7,"['MSFT', 'NFLX', 'GOOGL']",5845.05,387.18,4363.56,47.51,75.71
2021-03-02,14709.6,8905.7,"['MSFT', 'NFLX', 'GOOGL']",5803.9,346.03,4363.56,47.1,74.35
2021-03-03,14518.61,8905.7,"['MSFT', 'NFLX', 'GOOGL']",5612.92,155.05,4363.56,45.19,72.05
2021-03-04,14505.47,8905.7,"['MSFT', 'NFLX', 'GOOGL']",5599.77,141.9,4363.56,45.05,69.93
2021-03-05,14627.55,8905.7,"['MSFT', 'NFLX', 'GOOGL']",5721.85,263.99,4363.56,46.28,73.05
2021-03-08,14431.07,8905.7,"['MSFT', 'NFLX', 'GOOGL']",5525.37,67.51,4363.56,44.31,72.2
2021-03-09,14560.53,8905.7,"['MSFT', 'NFLX', 'GOOGL']",5654.83,196.96,4363.56,45.61,74.61
2021-03-10,14538.47,8905.7,"['MSFT', 'NFLX', 'GOOGL']",5632.77,174.91,4363.56,45.38,75.69
2021-03-11,14700.59,8905.7,"['MSFT', 'NFLX', 'GOOGL']",5794.89,337.03,4363.56,47.01,77.54
2021-03-12,14622.56,10459.76,"['MSFT', 'GOOGL']",4162.8,308.29,4314.27,46.23,77.79
2021-03-15,14618.58,10459.76,"['MSFT', 'GOOGL']",4158.82,304.31,4314.27,46.19,78.82
2021-03-16,14674.02,10459.76,"['MSFT', 'GOOGL']",4214.26,359.75,4314.27,46.74,78.62
2021-03-17,14666.35,10459.76,"['MSFT', 'GOOGL']",4206.59,352.07,4314.27,46.66,79.2
2021-03-18,14548.82,10459.76,"['MSFT', 'GOOGL']",4089.07,234.55,4314.27,45.49,76.57
2021-03-19,14551.13,8719.1,"['MSFT', 'GOOGL', 'FB']",5832.03,236.85,4314.27,45.51,76.25
2021-03-22,14625.98,8719.1,"['MSFT', 'GOOGL', 'FB']",5906.89,311.71,4314.27,46.26,77.65
2021-03-23,14633.41,8719.1,"['MSFT', 'GOOGL', 'FB']",5914.31,319.14,4314.27,46.33,76.34
2021-03-24,14554.68,10829.31,"['GOOGL', 'FB']",3725.37,92.15,4462.53,45.55,75.37
2021-03-25,14534.21,10829.31,"['GOOGL', 'FB']",3704.9,71.68,4462.53,45.34,76.35
2021-03-26,14552.16,10829.31,"['GOOGL', 'FB']",3722.85,89.63,4462.53,45.52,79.22
2021-03-29,14620.02,10829.31,"['GOOGL', 'FB']",3790.71,157.49,4462.53,46.2,79.11
2021-03-30,14603.78,10829.31,"['GOOGL', 'FB']",3774.47,141.25,4462.53,46.04,78.65
2021-03-31,14659.01,10829.31,"['GOOGL', 'FB']",3829.7,196.48,4462.53,46.59,79.36
2021-04-01,14751.05,10829.31,"['GOOGL', 'FB']",3921.74,288.52,4462.53,47.51,81.26
2021-04-05,14901.73,10829.31,"['GOOGL', 'FB']",4072.42,439.2,4462.53,49.02,83.88
2021-04-06,14876.13,10829.31,"['GOOGL', 'FB']",4046.82,413.6,4462.53,48.76,83.77
2021-04-07,14946.88,8838.53,"['GOOGL', 'FB', 'MSFT']",6108.34,484.35,4462.53,49.47,84.0
2021-04-08,14984.54,8838.53,"['GOOGL', 'FB', 'MSFT']",6146.01,522.02,4462.53,49.85,84.9
2021-04-09,15022.13,8838.53,"['GOOGL', 'FB', 'MSFT']",6183.6,559.61,4462.53,50.22,86.23
2021-04-12,14991.04,8838.53,"['GOOGL', 'FB', 'MSFT']",6152.51,528.52,4462.53,49.91,86.31
2021-04-13,15010.73,8838.53,"['GOOGL', 'FB', 'MSFT']",6172.19,548.2,4462.53,50.11,86.82
2021-04-14,14933.46,8838.53,"['GOOGL', 'FB', 'MSFT']",6094.93,470.94,4462.53,49.33,86.22
2021-04-15,15037.95,8838.53,"['GOOGL', 'FB', 'MSFT']",6199.42,575.43,4462.53,50.38,88.22
2021-04-16,15035.49,8838.53,"['GOOGL', 'FB', 'MSFT']",6196.96,572.96,4462.53,50.35,88.88
2021-04-19,15002.93,7175.21,"['GOOGL', 'FB', 'MSFT', 'NFLX']",7827.71,540.4,4462.53,50.03,87.95
2021-04-20,14976.2,7175.21,"['GOOGL', 'FB', 'MSFT', 'NFLX']",7800.99,513.68,4462.53,49.76,86.57
2021-04-21,14864.93,7175.21,"['GOOGL', 'FB', 'MSFT', 'NFLX']",7689.72,402.41,4462.53,48.65,88.32
2021-04-22,14781.88,7175.21,"['GOOGL', 'FB', 'MSFT', 'NFLX']",7606.67,319.35,4462.53,47.82,86.59
2021-04-23,14878.97,7175.21,"['GOOGL', 'FB', 'MSFT', 'NFLX']",7703.75,416.44,4462.53,48.79,88.58
2021-04-26,14917.86,7175.21,"['GOOGL', 'FB', 'MSFT', 'NFLX']",7742.65,455.34,4462.53,49.18,88.99
2021-04-27,14891.19,7175.21,"['GOOGL', 'FB', 'MSFT', 'NFLX']",7715.97,428.66,4462.53,48.91,88.93
2021-04-28,14924.31,7175.21,"['GOOGL', 'FB', 'MSFT', 'NFLX']",7749.09,461.78,4462.53,49.24,88.84
2021-04-29,15083.6,7175.21,"['GOOGL', 'FB', 'MSFT', 'NFLX']",7908.38,621.07,4462.53,50.84,90.1
2021-04-30,15028.54,7175.21,"['GOOGL', 'FB', 'MSFT', 'NFLX']",7853.32,566.01,4462.53,50.29,88.85
2021-05-03,14987.49,7175.21,"['GOOGL', 'FB', 'MSFT', 'NFLX']",7812.27,524.96,4462.53,49.87,89.28
2021-05-04,14875.71,7175.21,"['GOOGL', 'FB', 'MSFT', 'NFLX']",7700.49,413.18,4462.53,48.76,88.13
2021-05-05,14831.79,7175.21,"['GOOGL', 'FB', 'MSFT', 'NFLX']",7656.58,369.27,4462.53,48.32,88.16
2021-05-06,14920.75,8673.86,"['GOOGL', 'FB', 'MSFT']",6246.89,622.9,4297.86,49.21,89.69
2021-05-07,14951.44,8673.86,"['GOOGL', 'FB', 'MSFT']",6277.57,653.58,4297.86,49.51,91.05
2021-05-10,14770.54,8673.86,"['GOOGL', 'FB', 'MSFT']",6096.67,472.68,4297.86,47.71,89.17
2021-05-11,14744.64,8673.86,"['GOOGL', 'FB', 'MSFT']",6070.77,446.78,4297.86,47.45,87.52
2021-05-12,14593.35,8673.86,"['GOOGL', 'FB', 'MSFT']",5919.49,295.5,4297.86,45.93,83.51
2021-05-13,14670.51,8673.86,"['GOOGL', 'FB', 'MSFT']",5996.64,372.65,4297.86,46.71,85.69
2021-05-14,14824.71,8673.86,"['GOOGL', 'FB', 'MSFT']",6150.85,526.86,4297.86,48.25,88.54
2021-05-17,14808.71,8673.86,"['GOOGL', 'FB', 'MSFT']",6134.85,510.86,4297.86,48.09,88.09
2021-05-18,14732.54,8673.86,"['GOOGL', 'FB', 'MSFT']",6058.67,434.68,4297.86,47.33,86.47
2021-05-19,14768.12,8673.86,"['GOOGL', 'FB', 'MSFT']",6094.26,470.27,4297.86,47.68,85.97
2021-05-20,14860.52,8673.86,"['GOOGL', 'FB', 'MSFT']",6186.66,562.67,4297.86,48.61,87.96
2021-05-21,14822.96,8673.86,"['GOOGL', 'FB', 'MSFT']",6149.1,525.11,4297.86,48.23,87.82
2021-05-24,14985.07,8673.86,"['GOOGL', 'FB', 'MSFT']",6311.2,687.21,4297.86,49.85,89.71
2021-05-25,15013.36,8673.86,"['GOOGL', 'FB', 'MSFT']",6339.5,715.51,4297.86,50.13,89.31
2021-05-26,15028.19,10681.92,"['GOOGL', 'FB']",4346.27,713.05,4315.14,50.28,89.66
2021-05-27,15041.1,10681.92,"['GOOGL', 'FB']",4359.18,725.96,4315.14,50.41,89.74
2021-05-28,15011.15,10681.92,"['GOOGL', 'FB']",4329.23,696.01,4315.14,50.11,90.11
2021-06-01,15037.88,10681.92,"['GOOGL', 'FB']",4355.96,722.74,4315.14,50.38,89.96
2021-06-02,15027.41,10681.92,"['GOOGL', 'FB']",4345.49,712.27,4315.14,50.27,90.28
2021-06-03,14985.74,10681.92,"['GOOGL', 'FB']",4303.82,670.6,4315.14,49.86,89.56
2021-06-04,15057.59,10681.92,"['GOOGL', 'FB']",4375.67,742.45,4315.14,50.58,91.28
2021-06-07,15103.7,10681.92,"['GOOGL', 'FB']",4421.78,788.56,4315.14,51.04,91.11
2021-06-08,15082.44,10681.92,"['GOOGL', 'FB']",4400.52,767.3,4315.14,50.82,91.14
2021-06-09,15071.36,10681.92,"['GOOGL', 'FB']",4389.44,756.22,4315.14,50.71,90.84
2021-06-10,15111.81,10681.92,"['GOOGL', 'FB']",4429.89,796.67,4315.14,51.12,91.72
2021-06-11,15099.68,10681.92,"['GOOGL', 'FB']",4417.76,784.54,4315.14,51.0,92.06
2021-06-14,15151.45,10681.92,"['GOOGL', 'FB']",4469.53,836.31,4315.14,51.51,92.54
2021-06-15,15130.81,10681.92,"['GOOGL', 'FB']",4448.89,815.67,4315.14,51.31,92.14
2021-06-16,15083.85,10681.92,"['GOOGL', 'FB']",4401.93,768.71,4315.14,50.84,91.08
2021-06-17,15135.85,8859.13,"['GOOGL', 'FB', 'MSFT']",6276.72,820.71,4315.14,51.36,91.02
2021-06-18,15051.83,8859.13,"['GOOGL', 'FB', 'MSFT']",6192.7,736.69,4315.14,50.52,88.48
2021-06-21,15123.99,8859.13,"['GOOGL', 'FB', 'MSFT']",6264.87,808.86,4315.14,51.24,91.12
2021-06-22,15194.91,8859.13,"['GOOGL', 'FB', 'MSFT']",6335.79,879.78,4315.14,51.95,92.13
2021-06-23,15198.56,8859.13,"['GOOGL', 'FB', 'MSFT']",6339.44,883.43,4315.14,51.99,91.93
2021-06-24,15231.45,8859.13,"['GOOGL', 'FB', 'MSFT']",6372.32,916.31,4315.14,52.31,93.02
2021-06-25,15209.09,8859.13,"['GOOGL', 'FB', 'MSFT']",6349.96,893.95,4315.14,52.09,93.74
2021-06-28,15321.11,8859.13,"['GOOGL', 'FB', 'MSFT']",6461.98,1005.97,4315.14,53.21,94.14
2021-06-29,15312.06,7258.63,"['GOOGL', 'FB', 'MSFT', 'NFLX']",8053.44,996.93,4315.14,53.12,94.23
2021-06-30,15263.96,7258.63,"['GOOGL', 'FB', 'MSFT', 'NFLX']",8005.33,948.83,4315.14,52.64,94.4
2021-07-01,15332.02,7258.63,"['GOOGL', 'FB', 'MSFT', 'NFLX']",8073.39,1016.89,4315.14,53.32,95.5
2021-07-02,15433.73,7258.63,"['GOOGL', 'FB', 'MSFT', 'NFLX']",8175.1,1118.59,4315.14,54.34,96.99
2021-07-06,15463.91,7258.63,"['GOOGL', 'FB', 'MSFT', 'NFLX']",8205.28,1148.77,4315.14,54.64,96.62
2021-07-07,15454.67,7258.63,"['GOOGL', 'FB', 'MSFT', 'NFLX']",8196.04,1139.53,4315.14,54.55,97.29
2021-07-08,15363.89,7258.63,"['GOOGL', 'FB', 'MSFT', 'NFLX']",8105.27,1048.76,4315.14,53.64,95.72
2021-07-09,15421.3,7258.63,"['GOOGL', 'FB', 'MSFT', 'NFLX']",8162.67,1106.16,4315.14,54.21,97.79
2021-07-12,15466.54,7258.63,"['GOOGL', 'FB', 'MSFT', 'NFLX']",8207.91,1151.4,4315.14,54.67,98.51
2021-07-13,15503.12,7258.63,"['GOOGL', 'FB', 'MSFT', 'NFLX']",8244.49,1187.98,4315.14,55.03,97.83
2021-07-14,15526.77,7258.63,"['GOOGL', 'FB', 'MSFT', 'NFLX']",8268.14,1211.63,4315.14,55.27,98.11
2021-07-15,15457.77,7258.63,"['GOOGL', 'FB', 'MSFT', 'NFLX']",8199.14,1142.63,4315.14,54.58,97.47
2021-07-16,15397.39,7258.63,"['GOOGL', 'FB', 'MSFT', 'NFLX']",8138.76,1082.25,4315.14,53.97,95.93
2021-07-19,15304.07,7258.63,"['GOOGL', 'FB', 'MSFT', 'NFLX']",8045.44,988.93,4315.14,53.04,93.0
2021-07-20,15377.41,7258.63,"['GOOGL', 'FB', 'MSFT', 'NFLX']",8118.78,1062.27,4315.14,53.77,95.73
2021-07-21,15393.89,7258.63,"['GOOGL', 'FB', 'MSFT', 'NFLX']",8135.26,1078.75,4315.14,53.94,97.37
2021-07-22,15468.64,7258.63,"['GOOGL', 'FB', 'MSFT', 'NFLX']",8210.01,1153.5,4315.14,54.69,97.79
2021-07-23,15707.69,7258.63,"['GOOGL', 'FB', 'MSFT', 'NFLX']",8449.06,1392.55,4315.14,57.08,99.77
2021-07-26,15743.02,7258.63,"['GOOGL', 'FB', 'MSFT', 'NFLX']",8484.39,1427.88,4315.14,57.43,100.28
2021-07-27,15662.14,7258.63,"['GOOGL', 'FB', 'MSFT', 'NFLX']",8403.51,1347.0,4315.14,56.62,99.39
2021-07-28,15777.78,7258.63,"['GOOGL', 'FB', 'MSFT', 'NFLX']",8519.15,1462.64,4315.14,57.78,99.28
2021-07-29,15668.49,7258.63,"['GOOGL', 'FB', 'MSFT', 'NFLX']",8409.86,1353.36,4315.14,56.68,100.14
2021-07-30,15634.2,7258.63,"['GOOGL', 'FB', 'MSFT', 'NFLX']",8375.58,1319.07,4315.14,56.34,99.16
2021-08-02,15602.77,7258.63,"['GOOGL', 'FB', 'MSFT', 'NFLX']",8344.15,1287.64,4315.14,56.03,98.76
2021-08-03,15617.1,7258.63,"['GOOGL', 'FB', 'MSFT', 'NFLX']",8358.48,1301.97,4315.14,56.17,100.36
2021-08-04,15668.42,7258.63,"['GOOGL', 'FB', 'MSFT', 'NFLX']",8409.79,1353.29,4315.14,56.68,99.4
2021-08-05,15758.89,7258.63,"['GOOGL', 'FB', 'MSFT', 'NFLX']",8500.26,1443.75,4315.14,57.59,100.65
2021-08-06,15738.43,7258.63,"['GOOGL', 'FB', 'MSFT', 'NFLX']",8479.8,1423.3,4315.14,57.38,101.0
2021-08-09,15740.89,7258.63,"['GOOGL', 'FB', 'MSFT', 'NFLX']",8482.26,1425.75,4315.14,57.41,100.8
2021-08-10,15710.29,7258.63,"['GOOGL', 'FB', 'MSFT', 'NFLX']",8451.67,1395.16,4315.14,57.1,101.05
2021-08-11,15685.96,7258.63,"['GOOGL', 'FB', 'MSFT', 'NFLX']",8427.33,1370.82,4315.14,56.86,101.54
2021-08-12,15735.34,7258.63,"['GOOGL', 'FB', 'MSFT', 'NFLX']",8476.71,1420.2,4315.14,57.35,102.13
2021-08-13,15786.03,7258.63,"['GOOGL', 'FB', 'MSFT', 'NFLX']",8527.4,1470.89,4315.14,57.86,102.53
2021-08-16,15836.17,8812.39,"['GOOGL', 'FB', 'MSFT']",7023.79,1567.78,4268.4,58.36,103.01
2021-08-17,15743.93,8812.39,"['GOOGL', 'FB', 'MSFT']",6931.55,1475.54,4268.4,57.44,101.67
2021-08-18,15689.18,8812.39,"['GOOGL', 'FB', 'MSFT']",6876.79,1420.78,4268.4,56.89,99.5
2021-08-19,15734.1,8812.39,"['GOOGL', 'FB', 'MSFT']",6921.71,1465.7,4268.4,57.34,99.78
2021-08-20,15847.72,8812.39,"['GOOGL', 'FB', 'MSFT']",7035.33,1579.32,4268.4,58.48,101.37
2021-08-23,15925.87,8812.39,"['GOOGL', 'FB', 'MSFT']",7113.48,1657.47,4268.4,59.26,103.15
2021-08-24,15949.02,7152.16,"['GOOGL', 'FB', 'MSFT', 'NFLX']",8796.86,1680.62,4268.4,59.49,103.47
2021-08-25,15960.89,7152.16,"['GOOGL', 'FB', 'MSFT', 'NFLX']",8808.73,1692.49,4268.4,59.61,103.85
2021-08-26,15911.24,7152.16,"['GOOGL', 'FB', 'MSFT', 'NFLX']",8759.08,1642.84,4268.4,59.11,102.66
2021-08-27,16042.82,7152.16,"['GOOGL', 'FB', 'MSFT', 'NFLX']",8890.66,1774.42,4268.4,60.43,104.45
2021-08-30,16151.6,7152.16,"['GOOGL', 'FB', 'MSFT', 'NFLX']",8999.44,1883.2,4268.4,61.52,105.39
2021-08-31,16143.12,7152.16,"['GOOGL', 'FB', 'MSFT', 'NFLX']",8990.96,1874.72,4268.4,61.43,105.04
2021-09-01,16207.79,7152.16,"['GOOGL', 'FB', 'MSFT', 'NFLX']",9055.63,1939.39,4268.4,62.08,105.26
2021-09-02,16143.28,7152.16,"['GOOGL', 'FB', 'MSFT', 'NFLX']",8991.12,1874.88,4268.4,61.43,105.87
2021-09-03,16164.08,7152.16,"['GOOGL', 'FB', 'MSFT', 'NFLX']",9011.92,1895.68,4268.4,61.64,105.79
2021-09-07,16252.24,7152.16,"['GOOGL', 'FB', 'MSFT', 'NFLX']",9100.08,1983.84,4268.4,62.52,105.03
